first_seen_at,title,channel,url,published_at,first_seen_views,first_seen_velocity,peak_velocity,peak_views,last_seen_at,last_views
2026-07-01T04:17:12Z,"So, I datamined Swords in Path of Exile 2. Here's what they do",Rite of Sausage,https://www.youtube.com/watch?v=wI6YsYdPJYE,2026-06-30T22:17:17Z,55,9.17,32.08,1898,2026-07-03T09:27:27Z,1898
2026-07-01T04:17:12Z,Entangle Druid 1-Button XESHT Breach Pinnacle Boss | POE 2,Gaap,https://www.youtube.com/watch?v=FIAJMEkgSWY,2026-06-29T12:27:57Z,405,10.17,10.17,405,2026-07-01T04:17:12Z,405
2026-07-01T04:17:12Z,Evasion + Energy Shield est la défense la plus BROKEN du jeu DE LOIN #twitch #pathofexile2,Le Chat En Costume,https://www.youtube.com/watch?v=1MUNkKCHAog,2026-06-29T10:00:29Z,468,11.07,11.07,468,2026-07-01T06:24:22Z,468
2026-07-01T04:17:12Z,Path of Exile - Ep 1 - Empieza Tota - Acto 1 [Tota-Phrecia],Nicro4FUN,https://www.youtube.com/watch?v=KwVEpw2iBCI,2026-06-30T18:00:33Z,144,14.01,14.01,167,2026-07-01T09:47:44Z,167
2026-07-01T04:17:12Z,🔴 เล่นยาว 50 วัน  | Path of Exile 2 | วันที่ 1 บิลด์ในฝัน หรือ ฝันว่าได้บิลด์,2055 Capital,https://www.youtube.com/watch?v=yHXywxwpUBU,2026-06-30T18:38:44Z,140,14.52,14.52,140,2026-07-01T06:34:45Z,140
2026-07-01T04:17:12Z,Endgame Energy Blade Oshabi  | ToTA Day 4 | Path of Exile 1,Alohaa,https://www.youtube.com/watch?v=YZ_Jpx-Ts24,2026-06-30T21:18:24Z,158,22.64,28.1,921,2026-07-03T03:47:07Z,921
2026-07-01T04:17:12Z,Aarakali Servant - Animate Weapons | Day 3 Update | POE 1 ROTA | Phrecia V4.0,Lokati,https://www.youtube.com/watch?v=zzZYIsjs5zM,2026-06-29T12:39:04Z,905,22.83,22.83,944,2026-07-01T09:59:36Z,944
2026-07-01T04:17:12Z,[Path of Exile 2] Spiegone lunghissimo e dettagliato della mia strategua alch&go,ReVoGaming,https://www.youtube.com/watch?v=QYU12M_p9oc,2026-06-29T15:24:12Z,1016,27.55,27.55,1088,2026-07-01T14:47:59Z,1088
2026-07-01T04:17:12Z,day 3 ROTA Event - Path Of Exile 1,POEGuy,https://www.youtube.com/watch?v=SRuMwu-wGus,2026-06-29T15:12:55Z,1054,28.43,28.43,1070,2026-07-01T14:47:59Z,1070
2026-07-01T04:17:12Z,"Essence Drain Gemling - 10, 100, 1000 divines | Part 1/3 | Poe2 0.5 Rise of the Ancients",xRoGeSx,https://www.youtube.com/watch?v=49NS2Z2TLoI,2026-06-29T18:53:42Z,1206,36.12,36.12,1274,2026-07-01T20:03:02Z,1274
2026-07-01T04:17:12Z,[Path of Exile 2] Chaos + tablet = 150 divine in pochi minuti!,ReVoGaming,https://www.youtube.com/watch?v=0qz6xVPf-6Q,2026-06-30T10:32:15Z,679,38.26,39.57,996,2026-07-02T14:14:06Z,996
2026-07-01T04:17:12Z,TOP 10 NEW BEST COMMUNITY BUILDS AFTER 1 MONTH! Path of Exile 2 0.5 Builds | POE 2 Builds 0.5,KaidGames2,https://www.youtube.com/watch?v=g59X6bx0wz8,2026-06-30T20:00:05Z,415,50.09,50.09,2142,2026-07-03T03:47:07Z,2142
2026-07-01T04:17:12Z,"Impending Doom Gemling Legionnaire - All-Rounder de ""1 Botão"" - Guia Completo | Path of Exile 2 0.5",SasakiTV,https://www.youtube.com/watch?v=QK5f77ncWCY,2026-06-30T07:50:52Z,1373,67.18,67.18,1879,2026-07-02T09:22:30Z,1879
2026-07-01T04:17:12Z,[PoE 1] Late Upgrades & More Damage for my Ancestral Commander EA build // POEGuy's Event setup.,POEGuy,https://www.youtube.com/watch?v=x6bYqofIwP4,2026-06-29T09:56:54Z,3095,73.1,73.1,3210,2026-07-01T09:37:19Z,3210
2026-07-01T04:17:12Z,Selfsustaining Strongbox Farm | 30-50div per hour | ToTA Path of Exile 1,Alohaa,https://www.youtube.com/watch?v=SFjT8I8bfMw,2026-06-30T09:21:13Z,2309,121.96,121.96,3474,2026-07-02T09:22:30Z,3474
2026-07-01T04:17:12Z,[PoE2] ผมใช้อาวุธ 1 div ทำ Falling Thunder 1M | Budget 70 div+-,SolLudit,https://www.youtube.com/watch?v=dob6rwikU_8,2026-06-30T15:16:52Z,1651,126.94,140.23,4572,2026-07-02T19:40:29Z,4572
2026-07-01T04:17:12Z,Big TotA Build Update! - Phrecia League 3.0 - PoE 1 3.28,Path of Evening,https://www.youtube.com/watch?v=HyK13Vjfs2E,2026-06-29T14:00:37Z,6142,160.46,160.46,6567,2026-07-01T14:47:59Z,6567
2026-07-01T04:17:12Z,[POE2 0.5시즌] 이제는 1버튼 사냥이다! 마셜 아티스트 격파장법 2.0 세팅 가이드 | 레알POE2,레토르트,https://www.youtube.com/watch?v=pbP3xBgDqZ8,2026-06-29T08:45:10Z,8221,188.84,188.84,8473,2026-07-01T06:34:45Z,8473
2026-07-01T04:17:12Z,1 Ritual +50 Divine Profit! Ritual insane! Path of Exile 2 0.5  #pathofexile2 #poe2 #gaming #poeloot,Flower,https://www.youtube.com/watch?v=IP-1MgpsFWQ,2026-06-29T22:42:37Z,5966,201.71,218.97,9928,2026-07-01T20:03:02Z,9928
2026-07-01T04:17:12Z,Behemoth Cyclone - From Zero To Hero - Part 1 - Return of the Ancestors,EXILED CAT,https://www.youtube.com/watch?v=rZkj4wvw8Qc,2026-06-30T11:00:55Z,23547,1363.34,1363.34,33603,2026-07-02T14:14:06Z,33603
2026-07-01T05:40:08Z,[PoE2] Pillar Of The Caged God Making a Comeback,Carnarius,https://www.youtube.com/watch?v=4gg2Rbs7QgU,2026-06-30T16:42:20Z,2094,161.53,161.53,4211,2026-07-04T03:39:06Z,4211
2026-07-01T05:40:08Z,"Hollow Petals, The New King of Monk Builds - ALL BUDGET FRIENDLY - Full Build Guide",Master T,https://www.youtube.com/watch?v=Vwt3KVb49pg,2026-06-29T04:38:21Z,27630,563.54,563.54,28523,2026-07-01T09:27:16Z,28523
2026-07-01T06:24:22Z,NEW 0.5 'INFINITE' LOOP Tempoarlis BLINK AUTOBOMBER Bloodmage Build For POE 2,Mattjestic Life,https://www.youtube.com/watch?v=95ltXHd7jfo,2026-06-29T14:00:17Z,6424,159.0,159.0,6434,2026-07-01T06:34:45Z,6434
2026-07-01T09:27:16Z,Day 2 Deathless Ubers with Energy Blade Oshabi  | ToTA Phrecia Event| Path of Exile 1,Alohaa,https://www.youtube.com/watch?v=Zcenk_C0z1c,2026-06-28T18:32:05Z,2854,45.36,45.36,2854,2026-07-01T09:27:16Z,2854
2026-07-01T09:27:16Z,The Easiest 2K TOTA Build - Return of the Ancestors Guide (PoE),PapaREMGames,https://www.youtube.com/watch?v=m_fKGeb8EGs,2026-06-28T17:07:50Z,4170,64.83,64.83,4170,2026-07-01T09:27:16Z,4170
2026-07-01T09:27:16Z,Glacial Bolt SAVED my Gemling | 1-Button Screen Wide Explosions | POE 0.5,EverydayXP,https://www.youtube.com/watch?v=-v-Ita9ou-U,2026-06-28T18:16:23Z,4934,78.09,78.09,4934,2026-07-01T09:27:16Z,4934
2026-07-01T09:27:16Z,"POE2 준비물:골드,화폐  1분에1신성!! 차익런",오리뷰 Duck,https://www.youtube.com/watch?v=LL84-tuXiaY,2026-06-29T08:30:24Z,3873,79.12,79.12,3873,2026-07-01T09:27:16Z,3873
2026-07-01T09:27:16Z,Who's the NUMBER 1 DPS? B6 Ulquiorra vs B6 Kenpachi vs B6 Grimmjow | Bleach Soul Resonance,KlintonCRM,https://www.youtube.com/watch?v=G3IKyZ3rNa8,2026-06-28T11:18:02Z,6398,91.2,91.2,6398,2026-07-01T09:27:16Z,6398
2026-07-01T09:27:16Z,Behemoth Armour Stack Situation - Path of Exile 3.28 Ancestors Event,Bigdaddy,https://www.youtube.com/watch?v=9FQwtpjhFpw,2026-06-28T08:17:09Z,9019,123.26,123.26,9019,2026-07-01T09:27:16Z,9019
2026-07-01T09:27:16Z,"Diablo 4 Season 14 Builds/Prep/Rankings, later trying out RagnarokX (#ad)",wudijo,https://www.youtube.com/watch?v=-fCwH-_t8C8,2026-06-29T03:18:31Z,7924,146.35,146.35,7924,2026-07-01T09:27:16Z,7924
2026-07-01T09:27:16Z,How to Level With Spark From Level 1 — Twink Leveling Guide | Path of Exile 2,anime princess,https://www.youtube.com/watch?v=VgdTmxVwPXQ,2026-06-28T22:22:50Z,12442,210.62,210.62,12442,2026-07-01T09:27:16Z,12442
2026-07-01T09:27:16Z,Path of Exile 2 - Grim Pillars Build Guide with 4 Divines,OnesInTheChat,https://www.youtube.com/watch?v=dCFMABlcG0E,2026-06-30T14:30:08Z,6021,317.69,317.69,8065,2026-07-02T19:40:29Z,8065
2026-07-01T09:27:16Z,"Finally, THE BEST IGNITE build in Path of Exile 2 - Lifestacker Acolyte of Chayula.",Korihor,https://www.youtube.com/watch?v=-ELiaCSa8HQ,2026-06-29T23:45:09Z,12945,384.1,384.1,13384,2026-07-01T14:47:59Z,13384
2026-07-01T09:27:16Z,CRAFTING THIS SPEAR MADE ME WANT TO QUIT - Path of Exile 2,Spicysushi PoE,https://www.youtube.com/watch?v=MvwApFvZEig,2026-06-28T14:18:32Z,51692,769.85,769.85,51692,2026-07-01T09:27:16Z,51692
2026-07-01T09:27:16Z,PoE2 Most Expensive Build Loses To One Rare,Exiled Again,https://www.youtube.com/watch?v=4sQt3yD_hug,2026-06-28T13:00:12Z,63462,927.11,927.11,63462,2026-07-01T09:27:16Z,63462
2026-07-01T09:37:19Z,"[BR/ENG] QUARTA CHEGOU, BUILD MUDOU - POE 1 24/07 !build !discord",SasakiTV,https://www.youtube.com/watch?v=3sW8Rct21jg,2026-07-01T08:13:10Z,88,14.67,15.0,92,2026-07-01T14:47:59Z,92
2026-07-01T09:37:19Z,🛑LIVE : Path of exile  EP 1 🍀,SokoBo Maya Yama,https://www.youtube.com/watch?v=jpkonFG6VU0,2026-07-01T07:29:47Z,100,16.67,16.67,100,2026-07-01T14:47:59Z,100
2026-07-01T09:47:44Z,[PoE 2] Flameblast Perma Ignite with Frostflame Nova and Stacking Cooldown is fun | 0.5 RoTA,Lazy Exile,https://www.youtube.com/watch?v=FIrdL-dVFrI,2026-06-29T13:46:26Z,9070,206.03,206.03,9312,2026-07-01T14:47:59Z,9312
2026-07-01T09:59:36Z,【PoE2】やらないと即死する！最新アプデで神化した「エクスペディション」1分要約！ #poe2 #解説 #最新rpg,PoE2海外ハック最速解説【ドパミン】,https://www.youtube.com/watch?v=y7xE73c-AD8,2026-07-01T09:45:00Z,150,25.0,152.33,2903,2026-07-04T03:39:06Z,2903
2026-07-01T14:47:59Z,I Turned Deadeye Into a One-Man ARMY in POE2,Spud The King,https://www.youtube.com/watch?v=-cG0GQhnipM,2026-06-30T14:00:08Z,26706,1076.96,1076.96,34311,2026-07-02T14:14:06Z,34311
2026-07-01T20:03:02Z,[Path of Exile 2] Le migliori mod per diventare ricchi con i tablet,ReVoGaming,https://www.youtube.com/watch?v=n7-PHuSMPNA,2026-07-01T09:02:32Z,243,22.07,22.07,363,2026-07-02T19:40:29Z,363
2026-07-01T20:03:02Z,SUPLICIO 8 EM 1 DIA - BUILD WARLOCK MINIONS APROVADA - DIABLO 4 TEMPORADA 14,3p Venom,https://www.youtube.com/watch?v=Is7ysy7y8lA,2026-07-01T17:00:11Z,427,71.17,114.18,1988,2026-07-02T19:40:29Z,1988
2026-07-01T20:03:02Z,BOSSE ZERPLATZEN! Das ist der ULTIMATIVE Reap BUILD für PoE 2 0.5,KrushR,https://www.youtube.com/watch?v=igH5bIwYj58,2026-06-30T14:19:35Z,3422,115.12,115.12,4756,2026-07-04T03:39:06Z,4756
2026-07-01T20:03:02Z,Infernal Cry Gemling Is My New Favorite Mapper | PoE 2 0.5 Build Guide,ExFluent,https://www.youtube.com/watch?v=QO5Un_eRyQM,2026-06-30T22:00:28Z,3507,159.1,232.26,12242,2026-07-03T03:47:07Z,12242
2026-07-01T20:03:02Z,"""5-ways"", Ultimatums & Ritual Farming - ""ROTA"" EVENT",POEGuy,https://www.youtube.com/watch?v=flgJxolNLJE,2026-07-01T15:08:59Z,1007,167.83,167.83,1090,2026-07-02T19:40:29Z,1090
2026-07-01T20:03:02Z,What is Happening in Path of Exile 2 After 1 MONTH? [PoE2 0.5],Talkative Tri,https://www.youtube.com/watch?v=URtFuxFgPio,2026-07-01T16:44:41Z,4205,700.83,1091.52,24473,2026-07-04T13:45:39Z,24473
2026-07-02T04:01:47Z,2-20 💎DIVINOS💎 POR MAPA CON ESTE FARMEO DE ABISMOS + DELIRIO 200% EN PATH OF EXILE 2 | TEMPORADA 0.5,FidoJuegos,https://www.youtube.com/watch?v=RN4QjdVm4v0,2026-07-01T00:00:17Z,559,19.95,19.95,621,2026-07-02T19:40:29Z,621
2026-07-02T04:01:47Z,Path of Exile 2 (0.5.4): One Life Infernalist - Frost Darts cast on Frost Darts,pattoman,https://www.youtube.com/watch?v=iMEAu8CJ_VY,2026-07-01T08:15:50Z,466,23.58,23.58,829,2026-07-03T14:21:01Z,829
2026-07-02T04:01:47Z,"Craft ta veste endgame parfaite ! 3k6 evasion, full T1 mods à la 0.5 Return of the Ancients #poe2",Soawake,https://www.youtube.com/watch?v=VbxtiWOZHBo,2026-07-01T08:30:31Z,1080,55.32,55.32,1566,2026-07-03T14:21:01Z,1566
2026-07-02T04:01:47Z,Path of Exile 2 Build Showcase: Frogmancer by Yuzo TV,Path of Exile,https://www.youtube.com/watch?v=1Ms1GNzQfWo,2026-07-01T21:43:49Z,83533,13259.93,13259.93,257652,2026-07-04T19:22:23Z,257652
2026-07-02T14:14:06Z,Path of Exile 2 - Ep 49 - Nuevo PJ - Acto 1 [Ancients-0.5],Nicro4FUN,https://www.youtube.com/watch?v=sM6-Q5oZY6c,2026-07-02T10:00:31Z,131,21.83,22.35,415,2026-07-03T14:21:01Z,415
2026-07-02T14:14:06Z,"NEW 13,500,000+ DPS 27x COMPANION Spirit Walker ZOO Build! | 'Unkillable' With 6x TIER 1 Auras!",Mattjestic Life,https://www.youtube.com/watch?v=ekP9pLGQ4O0,2026-06-30T14:00:39Z,7168,148.64,148.64,9284,2026-07-04T03:39:06Z,9284
2026-07-02T14:14:06Z,1-SHOT Juiced Expeditions - Glacial Bolt Gemling - Updates & Crossbow Crafting Guide - POE 2 0.5,josiahyeet,https://www.youtube.com/watch?v=7T64H0DX_E8,2026-07-01T08:48:00Z,7066,240.05,240.05,10723,2026-07-04T03:39:06Z,10723
2026-07-02T14:14:06Z,Who is The Arbiter Of Ash? | Path Of Exile 2 Lore,Lore Of Exile,https://www.youtube.com/watch?v=Mnbop-Qx2v8,2026-07-02T10:13:20Z,3291,548.5,789.73,20928,2026-07-05T09:13:43Z,20928
2026-07-02T19:40:29Z,Path of Exile 2 | Updated BEST Twister Spirit Walker Build! (PoE 2 0.5 Huntress Guide),SiahZ,https://www.youtube.com/watch?v=z0xDZQ3GsvA,2026-07-01T18:03:30Z,14529,567.17,567.17,24636,2026-07-04T13:45:39Z,24636
2026-07-03T03:47:07Z,LEVELING DIABLO 4 TEMPORADA 14,3p Venom,https://www.youtube.com/watch?v=5sFh-Gk-2lA,2026-07-02T18:00:21Z,268,27.4,27.4,723,2026-07-05T19:25:44Z,723
2026-07-03T03:47:07Z,I Challenged My Non-Gamer Wife to Play Path of Exile 2 for 1 Hour,Ydoc,https://www.youtube.com/watch?v=jKRSxV4kJ8E,2026-07-03T02:49:50Z,181,30.17,276.9,9683,2026-07-05T19:25:44Z,9683
2026-07-03T03:47:07Z,This Ascendency is WAY BETTER Than Elementalist! | Goratha's Ignite Penance Brand Herald [PoE 3.28],GorathaRecaps,https://www.youtube.com/watch?v=pM4VZDIxqNE,2026-07-01T10:01:24Z,3692,88.41,88.41,3940,2026-07-03T09:27:27Z,3940
2026-07-03T03:47:07Z,"TOP 5 FREE WAYS To Gain 1,000,000+ Bonus DPS For ANY Minions Build! | Also NEW Tricks!",Mattjestic Life,https://www.youtube.com/watch?v=zMT2bA1TMzY,2026-07-01T14:00:06Z,3462,91.63,91.63,3858,2026-07-04T03:39:06Z,3858
2026-07-03T03:47:07Z,PoE 2 0.5 - Gambling My Way Into Poverty,Lolcohol,https://www.youtube.com/watch?v=dRRbDHuVYYw,2026-07-01T16:30:16Z,5515,156.32,156.32,6203,2026-07-04T13:45:39Z,6203
2026-07-03T03:47:07Z,The Insane Rage Ice Shot Build | PoE 2,Barczi POE2,https://www.youtube.com/watch?v=dRWcaM0PE2Q,2026-07-01T14:18:02Z,6620,176.61,176.61,8366,2026-07-03T19:37:37Z,8366
2026-07-03T03:47:07Z,Месяц лиги! Переваливаемся в междулижье | Path of Exile 2 | madarapoe,madarapoe,https://www.youtube.com/watch?v=REU0h0DQMMU,2026-07-02T06:30:23Z,4056,190.61,190.61,4748,2026-07-05T03:57:54Z,4748
2026-07-03T03:47:07Z,Are Lineage Support Gems Too Rare? w/@anime.princess - The Path 2 Exile Podcast Ep. 50,MisoxShiru,https://www.youtube.com/watch?v=woENvhFECEs,2026-07-03T00:42:31Z,1463,243.83,467.53,14246,2026-07-05T19:25:44Z,14246
2026-07-03T09:27:27Z,TOP 3 BEST STORMWEAVER BUILDS IN POE2 0.5! POE 2 Stormweaver Build 0.5 (NEW META),KaidGames2,https://www.youtube.com/watch?v=ZFhc33RJK6g,2026-07-02T15:00:08Z,550,29.8,29.8,550,2026-07-03T09:27:27Z,550
2026-07-03T09:27:27Z,【POE2】📈El verdadero problema de la inflación | Análisis y opinión,SnycMaster Kevin,https://www.youtube.com/watch?v=_GCC-bjXFxQ,2026-07-01T21:25:14Z,4783,132.72,132.72,5689,2026-07-04T19:22:23Z,5689
2026-07-03T09:27:27Z,Best Budget CoC Gemling Build - Infinite Comets | Path of Exile 2 Guide,NickTew,https://www.youtube.com/watch?v=nWFnYJYACUM,2026-07-02T00:39:37Z,25985,792.29,792.29,35797,2026-07-04T13:45:39Z,35797
2026-07-03T14:21:01Z,POE2 Aldur's Saga TRICK: 8 Grand Expeditions in 1 Logbook! Farming Guide,MazBro,https://www.youtube.com/watch?v=Vg4-tieqGk4,2026-07-03T00:24:24Z,638,45.76,45.76,1314,2026-07-05T19:25:44Z,1314
2026-07-03T14:21:01Z,Gemling Spark Is INSANE — Extreme Endgame CoC Comet Guide | PoE 2,anime princess,https://www.youtube.com/watch?v=iyFgJyYYIIs,2026-07-01T10:22:03Z,23092,444.22,444.22,28097,2026-07-04T03:39:06Z,28097
2026-07-03T14:21:01Z,[0.5] PoE 2 - 6 OP BUILDS FOR PATH OF EXILE RETURN OF THE ANCIENTS - PoE 2 Builds,Path of Exile Builds,https://www.youtube.com/watch?v=W-N0_v0FS7s,2026-07-01T13:04:01Z,37373,758.33,758.33,41172,2026-07-04T03:39:06Z,41172
2026-07-03T19:37:37Z,[PoE 2] Strongest Alt Leveling Guide for Every Class | AKT1 - Interludes (0.5),Lenek,https://www.youtube.com/watch?v=yVPo9xEJbIA,2026-07-02T13:34:43Z,1251,41.63,41.63,1887,2026-07-05T13:51:49Z,1887
2026-07-03T19:37:37Z,[Path of Exile 2] Return of the Ancients - Com'è andata? / Giveaway,ReVoGaming,https://www.youtube.com/watch?v=JZzR9qssRrU,2026-07-03T10:37:41Z,443,49.23,49.23,796,2026-07-06T04:04:33Z,796
2026-07-03T19:37:37Z,[PoE 2] Pillar Of The Caged God Ritualist Turned Out To Be Very Strong,Carnarius,https://www.youtube.com/watch?v=zmwL9jfNR2M,2026-07-03T16:29:14Z,619,103.17,223.83,6335,2026-07-06T10:48:50Z,6335
2026-07-03T19:37:37Z,⚡ How to Craft a One-Handed Mace | Double Crafted Mod Tech Explained | PoE 2,Diztoh,https://www.youtube.com/watch?v=WDEkEIQFgT4,2026-07-02T18:29:14Z,3675,146.18,146.18,4356,2026-07-05T19:25:44Z,4356
2026-07-03T19:37:37Z,I bought a FULL QUAD TAB of Ritual tablets to try something... - PoE2 #97,Empyriangaming,https://www.youtube.com/watch?v=lTgfbn_aJx4,2026-07-03T10:26:52Z,34021,3706.32,3706.32,75667,2026-07-06T04:04:33Z,75667
2026-07-04T03:39:06Z,ONE BUTTON IS THE WAY!  Yoke of Suffering Storm Wave Monk - Build Guide - Path of Exile 2,Jorgen,https://www.youtube.com/watch?v=FOHHfO0jOpA,2026-07-03T13:02:47Z,1310,89.69,89.69,1986,2026-07-04T19:22:23Z,1986
2026-07-04T03:39:06Z,Path of Exile 2 Crafting Guide: So verschwendest du keine Orbs mehr!,Lowepe,https://www.youtube.com/watch?v=6EEIA3cx250,2026-07-02T15:02:31Z,4398,120.13,120.13,5748,2026-07-05T09:13:43Z,5748
2026-07-04T03:39:06Z,SÓ PODE TER 1 MITICO? TODAS AS FORMAS DE CONSEGUIR ITENS MITICOS NA TEMPROADA 14 - DIABLO 4 -,3p Venom,https://www.youtube.com/watch?v=C33Fob2tADY,2026-07-03T15:30:19Z,3220,265.09,265.09,5102,2026-07-06T10:48:50Z,5102
2026-07-04T08:44:42Z,【Path of Exile 2】ほぼワンボタンでコストフリーな無限ビターデッドビルド【ジェムリングリージョネア】【PoE2】,ゲーミングナマケモノ,https://www.youtube.com/watch?v=7s3JKXpbvXQ,2026-07-02T08:00:03Z,7816,160.35,160.35,8539,2026-07-05T03:57:54Z,8539
2026-07-04T08:44:42Z,NEW 0.54 DISCOVERY To Spam & Guarantee MAGEBLOOD As Reward In Ritual Rewards!,Mattjestic Life,https://www.youtube.com/watch?v=SZV6q2_PWak,2026-07-02T14:00:21Z,9846,230.37,230.37,12801,2026-07-05T13:51:49Z,12801
2026-07-04T08:44:42Z,Zero to Mirror... in 26 Hours? | Hexblast Fulcrum | PoE 3.28 ToTA Event,Kankar,https://www.youtube.com/watch?v=Ty-3D83Lvb4,2026-07-03T12:34:45Z,6419,318.31,318.31,15919,2026-07-06T04:04:33Z,15919
2026-07-04T13:45:39Z,Can you beat Path of Exile 2 without picking up ANY LOOT?,Zizaran,https://www.youtube.com/watch?v=HNFk4XcpnPg,2026-07-02T22:10:55Z,49333,1246.44,1246.44,60907,2026-07-05T13:51:49Z,60907
2026-07-04T19:22:23Z,GUIDE COMPLET: Hollow Form + Whirling Assault + Martial Artist PoE2 0.5 FR - Le Chat En Costume,Le Chat En Costume,https://www.youtube.com/watch?v=pKQXHQjYRk4,2026-07-03T17:30:06Z,619,23.93,23.93,1141,2026-07-06T10:48:50Z,1141
2026-07-04T19:22:23Z,"POE2 파밍1티어 대탐험 ""룬스태킹"" 을 알아보자",오리뷰 Duck,https://www.youtube.com/watch?v=fNEd8xMi3d4,2026-07-02T09:00:30Z,2159,36.99,36.99,2282,2026-07-05T03:57:54Z,2282
2026-07-04T19:22:23Z,"[POE2, 0.5] REAL 0 Button Autobomber. 420% AoE, Infinite Damage, Play Walking / Looting Simulator.",KingPinUwU,https://www.youtube.com/watch?v=QVIOvVEj1mk,2026-07-03T04:07:54Z,8208,209.17,209.17,10494,2026-07-05T19:25:44Z,10494
2026-07-05T03:57:54Z,PATH OF EXILE 2 INDONESIA DAY 1 DRUID KAHHH?  #pathofexile2,TUYUL DISKO,https://www.youtube.com/watch?v=sQW5to8lnTY,2026-07-04T20:47:21Z,115,16.03,16.03,115,2026-07-05T03:57:54Z,115
2026-07-05T03:57:54Z,TOP 3 BEST LICH BUILDS IN POE2 0.5! POE 2 Lich Build 0.5 (NEW META),KaidGames2,https://www.youtube.com/watch?v=vY1UuuMjR6o,2026-07-03T15:00:06Z,1096,29.65,29.65,1096,2026-07-05T03:57:54Z,1096
2026-07-05T03:57:54Z,【PoE2】DAY5 「枯渇したマナルーン」を探す旅。仮にドロップ率1%なら10000回で100回出る。まだ余裕がある。｜0.5｜Path of Exile2｜Runes of Aldur,GPDちゃんねる,https://www.youtube.com/watch?v=Td1CmFjVSIY,2026-07-04T11:29:10Z,2072,125.73,125.73,2128,2026-07-06T20:05:38Z,2128
2026-07-05T09:13:43Z,【POE 1】3.29 前開荒模擬！酋長正火 Act 1–10 計時拓荒｜星野かね,Hoshino Kane 星野かね Ch.,https://www.youtube.com/watch?v=oqyM3PqBpZQ,2026-07-05T04:28:02Z,80,13.33,13.33,80,2026-07-05T09:13:43Z,80
2026-07-05T09:13:43Z,【PoE2】初心者にもオススメ！予算10神未満！安くて強いコンパニオン＆ミニオンビルド紹介｜スピリットウォーカー｜0.5｜Runes of Aldur｜Path of Exile2,GPDちゃんねる,https://www.youtube.com/watch?v=nUZ_qGscBN8,2026-07-03T10:00:24Z,3933,83.29,83.29,4397,2026-07-06T04:04:33Z,4397
2026-07-05T13:51:49Z,Raise Zombie Puppeteer #4 | Let's Play Path of Exile 1 - Ancestors League,LetsPlayMaster,https://www.youtube.com/watch?v=Q8q5xEg5XlY,2026-07-05T13:41:40Z,134,22.33,36.0,222,2026-07-06T15:45:05Z,222
2026-07-05T13:51:49Z,[PoE 1] Chasing Sub 3 Hour Campaign | Day 2/14 to Reveal,CyclonDefinitiv,https://www.youtube.com/watch?v=mBeSux62E20,2026-07-05T10:17:59Z,142,23.67,23.67,174,2026-07-06T10:48:50Z,174
2026-07-05T13:51:49Z,[ZTM Hideout Day 1]  WE HAVE 1 EXALT TO OUR NAME! | New Ztm Vid Out! | Links in Description,XTheFarmerX,https://www.youtube.com/watch?v=pozjlTvjCtA,2026-07-05T01:05:10Z,14452,1131.03,1131.03,15773,2026-07-07T09:52:00Z,15773
2026-07-05T19:25:44Z,PoE 1 and PoE 2 in Comparison | Mind over Meta EP 19,CyclonDefinitiv,https://www.youtube.com/watch?v=Y5JrpuiGX6c,2026-07-03T15:19:13Z,420,8.06,8.06,439,2026-07-06T04:04:33Z,439
2026-07-05T19:25:44Z,POE 2: Oracle Spell Totems GRIM PILLARS Build is IN A LEAGUE OF ITS OWN!!! Level 1 to 91 (ROTA 0.54),Visualize The Win Gaming,https://www.youtube.com/watch?v=LL2faxpJsgI,2026-07-04T18:06:39Z,210,8.29,8.29,322,2026-07-06T10:48:50Z,322
2026-07-05T19:25:44Z,[PoE 1] Testing Ele-Hit Slayer before it get's Gutted | Day 3/14 to Reveal,CyclonDefinitiv,https://www.youtube.com/watch?v=hpQtvsaCTb4,2026-07-05T11:33:37Z,128,16.27,27.69,176,2026-07-06T15:45:05Z,176
2026-07-06T04:04:33Z,99% of Hollow Form Builds Use Whirling Assault... Here's the Other 1% (SSF),GidGicken,https://www.youtube.com/watch?v=KUL01ILlEdo,2026-07-03T23:27:26Z,331,6.29,7.85,466,2026-07-06T10:48:50Z,466
2026-07-06T04:04:33Z,🔴 LIVE - dNextus - Path of Exile 2 Patch 0.5.4 - Делать тут нечего! Не играть в эту игру!,dNextus,https://www.youtube.com/watch?v=B1Y295sWzlU,2026-07-05T20:30:24Z,62,8.19,8.19,62,2026-07-06T04:04:33Z,62
2026-07-06T04:04:33Z,Rudolph's Revenge Build - Spirit Walker Glacial Bolt Vivid Stampede - Under 1 div,KenPlaysGamesss,https://www.youtube.com/watch?v=avS8WwfN9uU,2026-07-03T18:50:20Z,474,8.28,8.99,575,2026-07-06T10:48:50Z,575
2026-07-06T04:04:33Z,No Passives Ruthless Path of Exile (Day 1),Psyonic Panda,https://www.youtube.com/watch?v=WLQWe_npUo0,2026-07-05T18:56:36Z,82,8.98,8.98,82,2026-07-06T04:04:33Z,82
2026-07-06T04:04:33Z,【POE 1】3.29 前開荒模擬！酋長正火 Act 1–10 計時拓荒｜星野かね,Hoshino Kane 星野かね Ch.,https://www.youtube.com/watch?v=2vbDm7RxeT0,2026-07-05T18:48:20Z,131,14.13,14.13,138,2026-07-06T10:48:50Z,138
2026-07-06T04:04:33Z,Path of Exile 2 - Mageblood Time,OnesInTheChat,https://www.youtube.com/watch?v=evBBFmzlgxA,2026-07-05T14:30:09Z,6537,481.61,481.61,11360,2026-07-08T03:21:55Z,11360
2026-07-06T10:48:50Z,【POE 1】3.29 前開荒模擬！酋長正火 Act 1–10 計時拓荒｜星野かね,Hoshino Kane 星野かね Ch.,https://www.youtube.com/watch?v=rB6OoOBZ2EY,2026-07-06T08:53:10Z,48,8.0,8.0,48,2026-07-06T10:48:50Z,48
2026-07-06T10:48:50Z,[7/5] [Path of Exile 2] B A L L S | Chill New Character Leveling ( =w=) | Act 1-3,NonXzense,https://www.youtube.com/watch?v=vUy9ixT9X08,2026-07-06T07:45:58Z,93,15.5,15.5,94,2026-07-06T15:45:05Z,94
2026-07-06T10:48:50Z,PoE1| تختيم طور القصة بشخصية الدوليست - الفصل 1 و2 و3,Hajoos,https://www.youtube.com/watch?v=J34d8plVNIc,2026-07-06T09:26:11Z,95,15.83,19.16,129,2026-07-06T20:05:38Z,129
2026-07-06T10:48:50Z,[PoE 1] Curse of the Allflame / POEGuy's Take on the Teaser and Some Early Predictions.,POEGuy,https://www.youtube.com/watch?v=lZKP1tnQCk8,2026-07-06T10:22:22Z,130,21.67,214.33,3845,2026-07-08T14:27:27Z,3845
2026-07-06T10:48:50Z,Path of Exile 2 - Are Simulacrums Worth Doing?,OnesInTheChat,https://www.youtube.com/watch?v=P1j7ka2-3T0,2026-07-03T14:30:19Z,8912,130.47,130.47,8912,2026-07-06T10:48:50Z,8912
2026-07-06T10:48:50Z,Bloom Bomber Lich Is Hilarious Insane!!! - Build #8 - Day 1,KallTorak,https://www.youtube.com/watch?v=HOCl_OWuAZ8,2026-07-05T18:05:07Z,2252,134.62,406.0,2659,2026-07-08T19:41:23Z,2659
2026-07-06T10:48:50Z,POE 1 - 3.29 Teasers Day 1: Curse Of The Allflame Is Under 3 Weeks Away - Path of Exile,sirgog,https://www.youtube.com/watch?v=iy1O5xwd2TU,2026-07-06T06:20:12Z,3491,581.83,718.64,13940,2026-07-08T14:27:27Z,13940
2026-07-06T15:45:05Z,PATH of EXILE 2 RUNNING MAPS AND GETTING 1 TAPS 🙄😳,Deezzy Fettuccine,https://www.youtube.com/watch?v=qJzZxhhpjMY,2026-07-06T12:58:20Z,144,24.0,24.0,145,2026-07-06T20:05:38Z,145
2026-07-06T15:45:05Z,Raise Zombie Puppeteer #5 | Let's Play Path of Exile 1 - Ancestors League,LetsPlayMaster,https://www.youtube.com/watch?v=B3VtNV5INiY,2026-07-06T12:55:18Z,174,29.0,29.0,174,2026-07-06T20:05:38Z,174
2026-07-06T15:45:05Z,When Does One Stop Playing Path Of Exile 2?,Dear Gamer,https://www.youtube.com/watch?v=B3TC__c4aRw,2026-07-05T16:28:54Z,707,30.38,30.38,857,2026-07-07T03:55:33Z,857
2026-07-06T15:45:05Z,"PoE2 0.5: Plasma Blast Blood Mage Build Guide (One Button, No Crit, with Lightning Arrow)",Thor's Gaming Channel,https://www.youtube.com/watch?v=urPl6U78kPs,2026-07-04T11:36:23Z,1611,30.89,30.89,1692,2026-07-06T20:05:38Z,1692
2026-07-06T15:45:05Z,[PoE 1] Ranger 0 to T16 in less than 6 Hours?!? | Day 4/14 to Reveal,CyclonDefinitiv,https://www.youtube.com/watch?v=tHkUpkczZkA,2026-07-06T14:39:04Z,454,75.67,86.33,549,2026-07-07T03:55:33Z,549
2026-07-06T15:45:05Z,Is It A Pirate League FINALLY!? | Path of Exile 1: Curse of the Allflame 3.29 League,Jorgen,https://www.youtube.com/watch?v=l68ajZ-duh4,2026-07-06T11:53:47Z,542,90.33,134.8,4094,2026-07-08T19:41:23Z,4094
2026-07-06T15:45:05Z,BOAT LIGA w Path of Exile 1? Curse of the Allflame - O CO TU CHODZI?,Prozu,https://www.youtube.com/watch?v=yUad_Rrqhz4,2026-07-06T12:33:29Z,1168,194.67,281.19,3845,2026-07-08T19:41:23Z,3845
2026-07-06T15:45:05Z,"Path of Exile eskaliert 2026 komplett! POE1 3.29, POE2 Reset & Release",Lowepe,https://www.youtube.com/watch?v=T-kXYosrQpA,2026-07-06T11:37:18Z,1568,261.33,363.89,9365,2026-07-08T14:27:27Z,9365
2026-07-06T15:45:05Z,PoE2 Streamers Cannot Catch A Break,Exiled Again,https://www.youtube.com/watch?v=xLNYz50oh-c,2026-07-06T13:00:06Z,7093,1182.17,2036.71,35457,2026-07-08T19:41:23Z,35457
2026-07-06T15:45:05Z,Farmer Finally Gets His Mirror in PoE2,Exiled Again,https://www.youtube.com/watch?v=S2ir4hGulYs,2026-07-04T14:00:39Z,67837,1363.81,1363.81,68639,2026-07-06T20:05:38Z,68639
2026-07-06T20:05:38Z,"Path of Exile 2 \\ Патч 0.5, HC SSF Наемник через Огневую поддержку \\ Эпизод 1",Grand Moff DiZaster,https://www.youtube.com/watch?v=1Mzuf022J78,2026-07-06T07:21:39Z,174,13.67,13.67,174,2026-07-06T20:05:38Z,174
2026-07-06T20:05:38Z,"Lvl 100 today! - ""ROTA"" PoE 1 EVENT- // POEGuy's Ancestral Commander EA Ballista setup",POEGuy,https://www.youtube.com/watch?v=ilkhFhJMHLw,2026-07-04T13:17:22Z,857,15.64,15.64,857,2026-07-06T20:05:38Z,857
2026-07-06T20:05:38Z,[PoE 2] Pillar Ritualist Update - Pillar Clears All The Content In The Game,Carnarius,https://www.youtube.com/watch?v=XmV0t0K8Qvg,2026-07-06T18:06:34Z,442,73.67,215.66,5518,2026-07-09T03:49:04Z,5518
2026-07-07T03:55:33Z,Zero to Hero: Act 1 Captain Wraeclast NightFall Titan | Path of Exile 2 #arpg #pathofexile2 #gaming,lfcalderon - PoE2,https://www.youtube.com/watch?v=8zOZJBpTOIU,2026-07-06T19:00:22Z,135,15.13,15.13,135,2026-07-07T03:55:33Z,135
2026-07-07T03:55:33Z,Is Mapping Too COMPLICATED In 0.5? w/aer0! | Yap of Exile Podcast Ep. 9,WhateverMedia,https://www.youtube.com/watch?v=bYaif6RUa3U,2026-07-06T17:00:25Z,482,44.14,44.14,2456,2026-07-09T03:49:04Z,2456
2026-07-07T03:55:33Z,【POE1】Curse of the Allflame: primeras pistas y teorías🔥🌊,SnycMaster Kevin,https://www.youtube.com/watch?v=BzJ7LM59THg,2026-07-06T22:06:48Z,718,119.67,119.67,2291,2026-07-09T03:49:04Z,2291
2026-07-07T03:55:33Z,PoE 2 HC SSF Fresh Start Again Day 1 Witchhunter Perma Frost Bolts,ds lily,https://www.youtube.com/watch?v=MykddT9sPt4,2026-07-05T22:05:20Z,5368,179.91,179.91,5449,2026-07-08T08:37:07Z,5449
2026-07-07T03:55:33Z,АВТОБОМБЕР Монах НОЛЬ КНОПОК + 1 ДИВАЙН = ВЕСЬ КОНТЕНТ | Path of Exile 2 0.5 Return of The Ancients,Amaterasu,https://www.youtube.com/watch?v=TjdLO5439is,2026-07-06T20:11:37Z,1628,210.54,210.54,5924,2026-07-09T03:49:04Z,5924
2026-07-07T03:55:33Z,Новости PoE 1 | Анонс анонса 3.29 Проклятие Всепламени | PoE 3.29 Curse of the Allflame,unstabb,https://www.youtube.com/watch?v=VDq6xsuKKNs,2026-07-06T13:36:48Z,4032,281.71,281.71,6112,2026-07-08T19:41:23Z,6112
2026-07-07T03:55:33Z,Static Strike Exarch & Eater Leaguestart Leveling Run,Tuadh,https://www.youtube.com/watch?v=GdKhsQ9l5gk,2026-07-06T10:08:38Z,6082,342.03,342.03,11833,2026-07-08T14:27:27Z,11833
2026-07-07T03:55:33Z,59:07 Act 5 Kitava Deathless (WR),Imexile,https://www.youtube.com/watch?v=hSwW_BHmtNg,2026-07-06T00:37:59Z,10414,381.56,416.89,20959,2026-07-08T08:37:07Z,20959
2026-07-07T09:52:00Z,"[PoE 1] Build Highlights & Conclusions - ""Return of the Ancestors"" PoE1 Event.",POEGuy,https://www.youtube.com/watch?v=gXlEHljQdK8,2026-07-07T09:04:49Z,255,42.5,222.83,4232,2026-07-09T19:53:57Z,4232
2026-07-07T09:52:00Z,POE 1 - 3.29 Teasers Day 2: Transfigured Reap and Holy Hammers - Path of Exile Curse of the Allflame,sirgog,https://www.youtube.com/watch?v=2CPgJrpVZIU,2026-07-07T04:00:06Z,3892,648.67,653.84,13650,2026-07-09T09:49:47Z,13650
2026-07-07T09:52:00Z,Path of Exile 2 ist das Next-Gen-Diablo meiner Träume,Maurice Weber,https://www.youtube.com/watch?v=j1VTtXO_avE,2026-07-05T15:55:01Z,37022,882.53,882.53,43760,2026-07-07T20:03:48Z,43760
2026-07-07T09:52:00Z,⚡1 Omen of Lights Per Hour Every 20 Minutes Reaching for Level 98!  - Endgame Monk Abyss | PoE 2,Diztoh,https://www.youtube.com/watch?v=tbPWeA1JX9I,2026-07-07T05:48:58Z,10538,1756.33,1756.33,11255,2026-07-09T15:22:22Z,11255
2026-07-07T14:49:31Z,СИЛЬНО ПРОГРЕВАЕМСЯ НА СЛИВАХ К СТАРТУ ПОЕ 1 | PATH OF EXILE 2:Return of the Ancients,AgroMorph Highlights,https://www.youtube.com/watch?v=SHjvvM2iwX0,2026-07-07T12:57:59Z,1074,179.0,374.94,6358,2026-07-10T03:50:34Z,6358
2026-07-07T14:49:31Z,The State of Defences in 0.5 | Path of Exile 2: Return of the Ancients,Dreamcore,https://www.youtube.com/watch?v=vaIsy-78Qmw,2026-07-06T17:32:07Z,31658,1486.98,1486.98,45277,2026-07-09T03:49:04Z,45277
2026-07-07T20:03:48Z,PIT 138 TOP 1 DRUIDA - RAIO BOLADO - TEMPORADA 14 DIABLO 4,3p Venom,https://www.youtube.com/watch?v=zLAw0G-9erY,2026-07-07T15:00:18Z,671,111.83,111.83,1521,2026-07-08T08:37:07Z,1521
2026-07-07T20:03:48Z,PoE 2 0.5 Gemling Spark COC Comet - 200 Divine Budget ARC FULL SCREEN Clear - EASY 200% Delirious,Iva Markova,https://www.youtube.com/watch?v=XzdrHgtU2Qw,2026-07-06T16:21:11Z,5406,195.09,195.09,5406,2026-07-07T20:03:48Z,5406
2026-07-08T03:21:55Z,Zero to Hero | Kinetic Blast Surfcaster Part 1 | Path of Exile 1,Alohaa,https://www.youtube.com/watch?v=T3cPSy3zJak,2026-07-07T10:38:32Z,897,53.64,53.64,1575,2026-07-09T03:49:04Z,1575
2026-07-08T03:21:55Z,[Path of Exile 2] What Simulacrum Drops and Loot From 100 Runs,Precaso,https://www.youtube.com/watch?v=mDoS4LgsmG0,2026-07-07T11:43:32Z,864,55.24,55.24,1432,2026-07-09T03:49:04Z,1432
2026-07-08T03:21:55Z,【POE 1 教學】Act 10 後怎麼拓圖？酋長正火起手，後續轉 CWS｜星野かね,Hoshino Kane 星野かね Ch.,https://www.youtube.com/watch?v=qRh_0y2sdvM,2026-07-07T16:34:55Z,899,83.37,83.37,899,2026-07-08T03:21:55Z,899
2026-07-08T03:21:55Z,[PoE 3.29] Bow Deadeye Leaguestart Run (personal Record),CyclonDefinitiv,https://www.youtube.com/watch?v=nWiZ2uNz5ls,2026-07-07T15:22:13Z,2583,215.34,215.34,5614,2026-07-10T09:45:15Z,5614
2026-07-08T08:37:07Z,1 Mirror To 10 Mirrors Giga High End Crafting | New Ztm Vid Out! | Links in Description,XTheFarmerX,https://www.youtube.com/watch?v=1BnnS5Vhljc,2026-07-07T20:43:43Z,8192,688.98,688.98,9003,2026-07-10T14:39:59Z,9003
2026-07-08T14:27:27Z,Новости PoE 1 | Первые тизеры 3.29 : 2 преображенных гема | ПоЕ Проклятие Всепламени | PoE 3.29 CotA,unstabb,https://www.youtube.com/watch?v=qxW7CMfcL-8,2026-07-07T14:38:12Z,4844,203.35,203.35,6731,2026-07-10T09:45:15Z,6731
2026-07-08T14:27:27Z,The Fastest Monk In Path of Exile 2 #poe2,Requip Gaming ,https://www.youtube.com/watch?v=M1CDDxW1mxs,2026-07-07T13:03:38Z,10720,422.09,422.09,12095,2026-07-08T19:41:23Z,12095
2026-07-08T14:27:27Z,Я БРОСАЮ POE 2 РАДИ НОВОЙ ЛИГИ В КОНФЕТКЕ 1  | Path of Exile 2: Return of the Ancients,poe bota_лучшее,https://www.youtube.com/watch?v=HPT0zq6Ipfk,2026-07-08T11:00:40Z,2824,470.67,720.03,10522,2026-07-10T19:40:17Z,10522
2026-07-08T19:41:23Z,ISSO AQUI É ABSURDO - TOP 1 MUNDIAL BARBARO PIT 141 SSF - DIABLO 4 TEMPORADA 14,3p Venom,https://www.youtube.com/watch?v=uEH9PHXpLYg,2026-07-08T13:00:23Z,823,123.14,123.14,2352,2026-07-10T09:45:15Z,2352
2026-07-08T19:41:23Z,Path of Exile 2 - Grand Regalia Identifying and Reforging,OnesInTheChat,https://www.youtube.com/watch?v=JD_AA70M-to,2026-07-08T14:30:38Z,2399,399.83,411.88,9041,2026-07-11T03:16:44Z,9041
2026-07-08T19:41:23Z,Budget Spark CoC Comet Deletes EVERYTHING - Path of Exile 2 Build Guide,anime princess,https://www.youtube.com/watch?v=uRY4KZJiwEc,2026-07-08T14:05:37Z,3789,631.5,936.51,30367,2026-07-11T03:16:44Z,30367
2026-07-09T03:49:04Z,POE 1 - 3.29 Teasers Day 4: Animate Guardian & New Player QOL - Path of Exile Curse of the Allflame,sirgog,https://www.youtube.com/watch?v=NsPe3i6iGVM,2026-07-09T03:24:40Z,512,85.33,1275.65,21484,2026-07-12T03:28:47Z,21484
2026-07-09T03:49:04Z,POE2 0.5 | ว่างจัดเป็นเหตุ SSF พระม่วง EP.1,oMySelf,https://www.youtube.com/watch?v=yG--QjANqrw,2026-07-08T10:30:00Z,2168,125.19,125.19,2275,2026-07-10T09:45:15Z,2275
2026-07-09T03:49:04Z,1 Mirror To 10 Mirrors Giga High End Crafting | New Ztm Vid Out! | Links in Description,XTheFarmerX,https://www.youtube.com/watch?v=KHX1oNAeRwc,2026-07-08T22:03:14Z,10771,1795.17,1795.17,11969,2026-07-11T13:38:35Z,11969
2026-07-09T09:49:47Z,COMO CRAFTAR SPEAR 2.66 ATTACK SPEED! O Melhor Craft de Lança para o Weapon Set 1 l Path of Exile 2,ChibaTTV,https://www.youtube.com/watch?v=cJdzN1ULklc,2026-07-08T20:28:00Z,657,49.17,49.17,657,2026-07-09T09:49:47Z,657
2026-07-09T09:49:47Z,POE2's Entire Road to 1.0: What POE2 Players Should Know (Confirmed  + My Prediction),SamyCaps,https://www.youtube.com/watch?v=xUDKfFb6UTA,2026-07-08T19:00:27Z,1875,126.5,126.5,3036,2026-07-11T08:04:07Z,3036
2026-07-09T09:49:47Z,1 Mirror To 10 Mirrors Giga High End Crafting | New Ztm Vid Out! | Links in Description,XTheFarmerX,https://www.youtube.com/watch?v=nbPwUyr2n_I,2026-07-07T23:21:56Z,7439,215.85,215.85,7631,2026-07-10T14:39:59Z,7631
2026-07-09T09:49:47Z,"NEW 10,000,000+ DMG Infinite Scaling IMMORTAL 0.5 AFK Build! | 270%+ Rarity MF!",Mattjestic Life,https://www.youtube.com/watch?v=Tjp65KnHdwI,2026-07-07T12:05:21Z,11143,243.61,243.61,15112,2026-07-11T08:04:07Z,15112
2026-07-09T09:49:47Z,Who is The Arbiter Of Divinity? | Path Of Exile 2 Lore,Lore Of Exile,https://www.youtube.com/watch?v=jJTE-_imPYE,2026-07-09T06:45:05Z,1752,292.0,583.19,12553,2026-07-11T19:11:57Z,12553
2026-07-09T09:49:47Z,4000 Divines From One Crafting Method? Here's How Poe2 0.5,ASaVeQ,https://www.youtube.com/watch?v=8wklxh7eqZU,2026-07-08T12:45:12Z,6170,292.74,292.74,10361,2026-07-11T03:16:44Z,10361
2026-07-09T15:22:22Z,【POE 1 教學】Act 10 後怎麼拓圖？酋長正火起手，後續轉 CWS｜星野かね,Hoshino Kane 星野かね Ch.,https://www.youtube.com/watch?v=KuAMCMUckVc,2026-07-09T10:49:00Z,547,91.17,91.17,547,2026-07-09T15:22:22Z,547
2026-07-09T15:22:22Z,PoE2 [0.5] - Double CoC Comet Arc - Spark Stormweaver - Endgame Build guide,Caliathlol,https://www.youtube.com/watch?v=LGx4s3R9xL0,2026-07-08T09:47:16Z,4249,143.62,143.62,5325,2026-07-10T14:39:59Z,5325
2026-07-09T19:53:57Z,[PoE 2] Pillar Ritualist Final Update - Positively Surprised How Strong It Was,Carnarius,https://www.youtube.com/watch?v=N-iujzXcOog,2026-07-09T16:11:53Z,388,64.67,135.92,4219,2026-07-12T08:25:14Z,4219
2026-07-09T19:53:57Z,【POE2】カッコイイ雷ビルドでシミュラクラム周回！ボイス1/220ってマ🙄？　#poe2 #pathofexile2  #ぽえ2,しゅん / shun,https://www.youtube.com/watch?v=SMJcr8RPZm0,2026-07-09T08:42:38Z,833,74.45,74.45,833,2026-07-09T19:53:57Z,833
2026-07-10T03:50:34Z,NEW #1 POE 2 AFK Trading Methods That Make 500+ Divines Daily PASSIVE INCOME!,Mattjestic Life,https://www.youtube.com/watch?v=gs_q219eftw,2026-07-09T14:00:09Z,1955,141.25,194.37,8761,2026-07-12T08:25:14Z,8761
2026-07-10T03:50:34Z,3.29 Leaguestart Test - Elemental Hit Slayer (1-80),Ventrua,https://www.youtube.com/watch?v=RuauzQfM7hg,2026-07-09T17:19:57Z,1524,145.0,174.32,7322,2026-07-12T08:25:14Z,7322
2026-07-10T03:50:34Z,Did GGG Buff Divine Drops TOO MUCH? w/ @XTheFarmerX_POE2 – The Path 2 Exile Podcast Ep. 51,MisoxShiru,https://www.youtube.com/watch?v=dEkf815_OE8,2026-07-10T01:58:50Z,1225,204.17,596.24,14972,2026-07-12T08:25:14Z,14972
2026-07-10T03:50:34Z,1 Mirror To 10 Mirrors | Not Getting Baited By Fubgoon Gear Today | Links in Description,XTheFarmerX,https://www.youtube.com/watch?v=nosPJ0uY4OU,2026-07-10T00:50:21Z,11020,1836.67,1836.67,12109,2026-07-12T08:25:14Z,12109
2026-07-10T09:45:15Z,Zero to Mirror #1 – Die Challenge beginnt!,The_Benderr,https://www.youtube.com/watch?v=gHh6gYSdsis,2026-07-07T13:59:21Z,1926,28.42,28.42,1926,2026-07-10T09:45:15Z,1926
2026-07-10T09:45:15Z,Я сделал Самого Быстрого Персонажа в Path of Exile 2,Auphinity Path of Exile 2,https://www.youtube.com/watch?v=tG93AAQ39bg,2026-07-08T08:23:21Z,1834,37.15,37.15,1834,2026-07-10T09:45:15Z,1834
2026-07-10T09:45:15Z,New 10 Ex Unique Nobody Uses is the Best Item in the Game... Seriously | PoE 2 0.5,Belton,https://www.youtube.com/watch?v=1-r8gO_wey4,2026-07-09T18:36:45Z,30084,1986.83,1986.83,52944,2026-07-12T19:12:44Z,52944
2026-07-10T14:39:59Z,3.29 Leaguestart Test - Lightning Arrow Deadeye (1-80),Ventrua,https://www.youtube.com/watch?v=BQFpCl8ILPQ,2026-07-10T12:26:57Z,287,47.83,171.55,5183,2026-07-14T08:17:54Z,5183
2026-07-10T14:39:59Z,【POE1】Siguen llegando más adelantos👀| Curse of the Allflame 3.29,SnycMaster Kevin,https://www.youtube.com/watch?v=y7db2Yf_Dnw,2026-07-10T00:00:45Z,2495,170.26,170.26,4207,2026-07-12T08:25:14Z,4207
2026-07-10T14:39:59Z,"Новости PoE 1 | Новые тизеры 3.29: инвентарь АГ, тултипы +обновление уника| ПоЕ Проклятие Всепламени",unstabb,https://www.youtube.com/watch?v=Gv5BrEO5_IY,2026-07-09T13:56:30Z,8692,351.55,351.55,10221,2026-07-11T19:11:57Z,10221
2026-07-10T19:40:17Z,Eu Criei um MONSTRO no Path of Exile 1,Fessor Lih,https://www.youtube.com/watch?v=chhetTnb7qY,2026-07-10T14:15:28Z,896,149.33,149.33,2359,2026-07-12T19:12:44Z,2359
2026-07-10T19:40:17Z,PoE 2 0.5 Stormweaver Spark COC Comet - Temporalis Min-maxed LVL 40 Blink + Spark - Speed of LIGHT,Iva Markova,https://www.youtube.com/watch?v=CxRP1RKbtFs,2026-07-09T16:21:34Z,4354,159.42,159.42,4354,2026-07-10T19:40:17Z,4354
2026-07-10T19:40:17Z,Spark Leaguestart to Exarch & Eater Run for 3.29,Tuadh,https://www.youtube.com/watch?v=G8ssyHH6bd8,2026-07-09T12:33:28Z,7952,255.58,255.58,9265,2026-07-11T19:11:57Z,9265
2026-07-10T19:40:17Z,Path of Exile 2 - High Risk High Reward Chancing,OnesInTheChat,https://www.youtube.com/watch?v=mwu3ysZu81w,2026-07-10T14:30:23Z,3616,602.67,602.67,15377,2026-07-14T08:17:54Z,15377
2026-07-11T03:16:44Z,[PoE 1] Ele-Hit Slayer 1 Stone Run in less than 5 Hours? | Day 8/14 to Reveal,CyclonDefinitiv,https://www.youtube.com/watch?v=glrEWFOMq1Q,2026-07-10T23:31:56Z,330,55.0,55.0,330,2026-07-11T03:16:44Z,330
2026-07-11T03:16:44Z,Como Encontrar o GRAND MIRROR MUITO Mais Rápido! | 1 Grand Mirror a Cada 4 Mapas | Path of Exile 2,ChibaTTV,https://www.youtube.com/watch?v=Q83kbVlYRF0,2026-07-10T17:56:51Z,514,55.08,55.08,514,2026-07-11T03:16:44Z,514
2026-07-11T03:16:44Z,Does Path of Exile 2 have a Build Problem? | Mind over Meta Ep. 20,CyclonDefinitiv,https://www.youtube.com/watch?v=FTY870NKYTI,2026-07-10T16:41:39Z,724,68.4,68.4,1672,2026-07-12T13:38:56Z,1672
2026-07-11T03:16:44Z,【POE 1】颱風天繼續農CWS裝備｜星野かね,Hoshino Kane 星野かね Ch.,https://www.youtube.com/watch?v=MktdILXZNTk,2026-07-10T17:21:02Z,883,88.94,88.94,888,2026-07-11T13:38:35Z,888
2026-07-11T08:04:07Z,Path of Exile 2 Crafting Guide: Endgame Crafting Beispiele (Teil 2),Lowepe,https://www.youtube.com/watch?v=N7dxD-mrmvw,2026-07-11T05:34:29Z,331,55.17,142.03,3353,2026-07-13T14:46:38Z,3353
2026-07-11T08:04:07Z,3.29 Leaguestart Test - Kinetic Fusillade Ballistas Hierophant (1-80),Ventrua,https://www.youtube.com/watch?v=oXTR0Q1vK14,2026-07-11T05:32:16Z,531,88.5,270.19,6060,2026-07-14T08:17:54Z,6060
2026-07-11T13:38:35Z,[POE2 v0.5] 1 click + 300 divine? #shorts #gaming #pathofexile2,Gà Senpai,https://www.youtube.com/watch?v=kHZOLWRUmEk,2026-07-11T09:59:24Z,317,52.83,67.97,1299,2026-07-13T03:31:13Z,1299
2026-07-11T13:38:35Z,Wieder in Path of Exile 1 reinkommen mit einem Gift - Assassinen,Koi Uncut,https://www.youtube.com/watch?v=eR9bTn_K3YY,2026-07-11T13:32:32Z,412,68.67,92.33,791,2026-07-13T03:31:13Z,791
2026-07-11T19:11:57Z,【POE 1】颱風天繼續農CWS裝備｜星野かね,Hoshino Kane 星野かね Ch.,https://www.youtube.com/watch?v=AcLo4wZqDk0,2026-07-11T17:52:10Z,985,164.17,164.17,1072,2026-07-13T03:31:13Z,1072
2026-07-11T19:11:57Z,NEW #1 META 'Rage Berserker' Companions SPIRIT WALKER Build! | With 4x Anoint Slots!,Mattjestic Life,https://www.youtube.com/watch?v=tZFGWU2j6HI,2026-07-11T14:00:00Z,1673,278.83,278.83,6437,2026-07-14T08:17:54Z,6437
2026-07-11T19:11:57Z,Static Strike Slayer Fastest Eater Exarch Run | 3.28 Path of Exile,Alohaa,https://www.youtube.com/watch?v=RN3sdIvVH8A,2026-07-11T13:20:58Z,2334,389.0,415.55,12995,2026-07-14T08:17:54Z,12995
2026-07-12T03:28:47Z,"[Path of Exile 2] Craft de début de Endgame , Des Maps Tiers 1 aux Tiers 15. Guide et exemples",Henip,https://www.youtube.com/watch?v=t6Ho4Rfs2N0,2026-07-11T16:31:10Z,595,54.29,54.29,2038,2026-07-13T19:35:49Z,2038
2026-07-12T03:28:47Z,Testando uns trem pra liga do POE 1,kalibar,https://www.youtube.com/watch?v=qWNKBSCrNXQ,2026-07-11T22:23:38Z,426,71.0,71.0,429,2026-07-12T13:38:56Z,429
2026-07-12T03:28:47Z,【poe2 0.5】タイムリミットまで1週間【らじお第137回】,Lee,https://www.youtube.com/watch?v=ah3ZORBPATM,2026-07-11T15:31:16Z,1423,118.99,118.99,1653,2026-07-13T14:46:38Z,1653
2026-07-12T03:28:47Z,【PoE2 0.5】ドッジ時キャストジェムリングビルド研究【Path of Exile 2】,はう,https://www.youtube.com/watch?v=iM203z6_j9M,2026-07-11T19:05:21Z,3389,403.89,403.89,3816,2026-07-13T19:35:49Z,3816
2026-07-12T03:28:47Z,1 Mirror To 10 Mirrors | BIG PROFIT DAY TODAY | Links in Description,XTheFarmerX,https://www.youtube.com/watch?v=86K5Gb-uRkc,2026-07-11T01:04:44Z,11039,418.13,418.13,11380,2026-07-13T09:37:37Z,11380
2026-07-12T03:28:47Z,"Diablo 4 Season 14 - HCSSF #1 Push, Starting Sorc, Torchlight SS13 Reveal (#ad)",wudijo,https://www.youtube.com/watch?v=ZW1KXNujfUc,2026-07-12T01:21:44Z,11784,1964.0,1964.0,12510,2026-07-14T13:56:42Z,12510
2026-07-12T08:25:14Z,5 Top Gemling Legionnaire Builds in PoE 2 Meta,Gyrotex Gaming,https://www.youtube.com/watch?v=akocE98VTTk,2026-07-11T07:00:15Z,1513,59.53,64.22,4174,2026-07-14T08:17:54Z,4174
2026-07-12T13:38:56Z,"[PoE 1] From Beach to 1 Stone, Ele-Hit Redemption Run | 5 Days to Reveal!",CyclonDefinitiv,https://www.youtube.com/watch?v=DT4DnVQ1y8M,2026-07-11T22:58:18Z,380,25.89,25.89,380,2026-07-12T13:38:56Z,380
2026-07-12T13:38:56Z,🛕 One Room Away from Completion,SnooBAE85,https://www.youtube.com/watch?v=6Q2uYvWCIuk,2026-07-10T16:25:49Z,2626,58.07,58.07,2639,2026-07-12T19:12:44Z,2639
2026-07-12T19:12:44Z,【POE2】カッコイイ雷ビルドでシミュラクラム周回！ボイス1/355ってマ🙄？　#poe2 #pathofexile2  #ぽえ2,しゅん / shun,https://www.youtube.com/watch?v=LZsiK1ZWlj0,2026-07-12T08:41:29Z,1374,130.6,130.6,1400,2026-07-13T19:35:49Z,1399
2026-07-12T19:12:44Z,【POE 1】繼續農CWS裝備｜星野かね,Hoshino Kane 星野かね Ch.,https://www.youtube.com/watch?v=sQsf98gSy5A,2026-07-12T18:46:23Z,859,143.17,143.17,927,2026-07-13T14:46:38Z,927
2026-07-12T19:12:44Z,"This strategy generated over 1,000 Divine Orbs daily in PoE 2-0.5",ASaVeQ,https://www.youtube.com/watch?v=_V6XlODuFdw,2026-07-12T16:51:29Z,1458,243.0,892.29,21410,2026-07-15T02:51:43Z,21410
2026-07-12T19:12:44Z,🔥 5 Cool Path Of Exile 2 Community Builds To Check Out | Return of the Ancients 0.5 | S4 EP5,Jorgen,https://www.youtube.com/watch?v=X66GD6Q2pWY,2026-07-12T04:25:14Z,13221,893.81,893.81,21283,2026-07-14T13:56:42Z,21283
2026-07-13T03:31:13Z,FARMEO DE 💫BRECHAS DE FISURA💫 ROTO EN PATH OF EXILE 2 VERSIÓN 💲BARATA💲 Y 💰CARA💰 TUTORIAL COMPLETO,FidoJuegos,https://www.youtube.com/watch?v=gLPq20UMVXI,2026-07-10T20:00:01Z,1314,23.67,23.67,1314,2026-07-13T03:31:13Z,1314
2026-07-13T03:31:13Z,REWORK DA ABYSS ? Poe 1 com boss do poe 2 ? Curse of the all flame,kalibar,https://www.youtube.com/watch?v=hOmgcIHRy98,2026-07-12T23:22:10Z,402,67.0,67.0,1117,2026-07-13T19:35:49Z,1117
2026-07-13T03:31:13Z,PoE2 Streamer Reveal The Secret To Strong Builds,Exiled Again,https://www.youtube.com/watch?v=XbiIroPTtp0,2026-07-11T13:00:01Z,31664,822.01,822.01,35115,2026-07-14T08:17:54Z,35115
2026-07-13T09:37:37Z,"패스오브엑자일1 3.29, 심연 리워크가 맞을까?",핵슬톡,https://www.youtube.com/watch?v=APJinFi9TkA,2026-07-13T02:16:21Z,867,117.88,154.74,3461,2026-07-15T02:51:43Z,3461
2026-07-13T09:37:37Z,Crafting a T1 Quarterstaff Worth 1 Mirror | PoE 2,Raddish,https://www.youtube.com/watch?v=gE-lkTjnnD8,2026-07-12T22:00:18Z,1453,125.02,125.02,4469,2026-07-15T08:23:11Z,4469
2026-07-13T09:37:37Z,REWORK ABYSSU w POE1! Path of Exile: 3.29 Curse of the Allflame,Prozu,https://www.youtube.com/watch?v=jI8L2zu2X7k,2026-07-13T00:18:44Z,1494,160.39,169.72,3321,2026-07-14T19:26:50Z,3321
2026-07-13T09:37:37Z,3.29 Leaguestart Test - Chieftain Righteous Fire (1-80),Ventrua,https://www.youtube.com/watch?v=zPZ5ol6KyG8,2026-07-12T21:08:55Z,3124,250.35,250.35,6415,2026-07-15T08:23:11Z,6415
2026-07-13T09:37:37Z,POE 1 - 3.29 Teasers Day 8: POE 2's Abyss? Almost Surely - Path of Exile Curse of the Allflame,sirgog,https://www.youtube.com/watch?v=X2Q0mb7WA1E,2026-07-13T08:04:14Z,1899,316.5,1108.58,15353,2026-07-15T13:53:07Z,15353
2026-07-13T19:35:49Z,【POE 1】3.29前無限訓練！酋長正火 Act 1–10 計時拓荒｜星野かね,Hoshino Kane 星野かね Ch.,https://www.youtube.com/watch?v=Vghyr14q3cs,2026-07-13T15:27:13Z,274,45.67,45.67,274,2026-07-13T19:35:49Z,274
2026-07-13T19:35:49Z,NEW 'HIDDEN' Meta RARE MACE Spirit Walker Build | HUGE 1300+ Base DMG Scaling!,Mattjestic Life,https://www.youtube.com/watch?v=0B3jao0GFtw,2026-07-12T14:00:02Z,4652,157.18,157.18,5397,2026-07-15T02:51:43Z,5397
2026-07-13T19:35:49Z,Ignite Penance Brand Exarch & Eater Leaguestart Run for 3.29,Tuadh,https://www.youtube.com/watch?v=bus1NOvw9oM,2026-07-12T08:04:16Z,13671,384.82,384.82,14442,2026-07-14T02:53:16Z,14442
2026-07-13T19:35:49Z,3 BUFFS & NERFS for Patch 3.29 | Path of Exile: Curse of the Allflame Predictions,Dreamcore,https://www.youtube.com/watch?v=xtVsKHKmILM,2026-07-13T16:42:19Z,5848,974.67,1596.35,26098,2026-07-16T03:12:53Z,26098
2026-07-14T02:53:16Z,🔴[LIVE] Can You Beat PoE 2 with One Shots Only?,Lolcohol,https://www.youtube.com/watch?v=g4Ey84mUPls,2026-07-13T16:35:44Z,1414,137.38,137.38,1486,2026-07-14T08:17:54Z,1486
2026-07-14T02:53:16Z,Crafting the best Ele quarterstaff in 0.5 PoE 2,Keyson,https://www.youtube.com/watch?v=PorTRk9JiAo,2026-07-12T16:56:33Z,5463,160.93,160.93,5463,2026-07-14T02:53:16Z,5463
2026-07-14T02:53:16Z,3.29 Leaguestart Test - Berserker Earthshatter (1-80),Ventrua,https://www.youtube.com/watch?v=nsh9G__sFk8,2026-07-13T14:00:03Z,2256,175.06,175.06,3583,2026-07-15T19:19:22Z,3583
2026-07-14T02:53:16Z,Ironward Infernalist - Self Damage Engine Is Now Online - Build #9 - Day 1,KallTorak,https://www.youtube.com/watch?v=NnUCj5Fpkhg,2026-07-13T19:08:34Z,2313,298.64,298.64,2588,2026-07-15T02:51:43Z,2588
2026-07-14T02:53:16Z,Новости PoE 1 | Тизеры 3.29: по возможной переработке Абисса | ПоЕ Проклятие Всепламени | PoE 3.29,unstabb,https://www.youtube.com/watch?v=-Xm76nUrsYI,2026-07-13T12:41:10Z,4304,303.06,303.06,6217,2026-07-15T19:19:22Z,6217
2026-07-14T02:53:16Z,"Fartfinder, Build Overview - Path of Exile 2: Return of the Ancients",Skadoosh,https://www.youtube.com/watch?v=nw3Sw4__6Vg,2026-07-13T11:16:05Z,7192,460.44,460.44,8679,2026-07-14T08:17:54Z,8679
2026-07-14T02:53:16Z,Diablo 4 Season 14 - HC Sorcerer & Paladin Time!,wudijo,https://www.youtube.com/watch?v=LeNDwekzqJ4,2026-07-13T01:29:55Z,13852,545.58,545.58,13943,2026-07-15T08:23:11Z,13943
2026-07-14T02:53:16Z,[PoE2] Here's how I made 1000 Divines in 1 Hour - 100% Calculated Profit Gamba Strat,MazBro,https://www.youtube.com/watch?v=E0KpAMUMICI,2026-07-13T22:03:21Z,3317,552.83,939.6,17085,2026-07-16T08:22:42Z,17085
2026-07-14T08:17:54Z,ОТКРЫЛ 1000 РЕЛИКВАРИЕВ В PATH OF EXILE 2,Tihon,https://www.youtube.com/watch?v=Xerf4Vah4UA,2026-07-13T09:30:02Z,1256,55.09,86.77,2595,2026-07-14T19:26:50Z,2595
2026-07-14T08:17:54Z,Impale Cyclone Slayer Eater Exarch Run 4:34:26 | 3.28 Path of Exile,Alohaa,https://www.youtube.com/watch?v=96qGfaTaJMA,2026-07-13T15:55:17Z,6071,370.7,370.7,9586,2026-07-16T03:12:53Z,9586
2026-07-14T13:56:42Z,PoE1をPCでプレイする場合のおすすめPC構成や、動作を軽くする設定を紹介します。【PoE1 3.29 Curse of the Allflame】,バチャ丸,https://www.youtube.com/watch?v=NwTjIpl0sCw,2026-07-14T08:02:43Z,464,77.33,77.33,464,2026-07-14T13:56:42Z,464
2026-07-14T13:56:42Z,WHAT IS HAPPENING in Patch 3.29? | Path of Exile: Curse of the Allflame Speculations,Jorgen,https://www.youtube.com/watch?v=iYdnRhcs78g,2026-07-14T09:58:36Z,861,143.5,267.03,4946,2026-07-16T03:12:53Z,4946
2026-07-14T13:56:42Z,POE 1 - 3.29 Teasers Day 9: Mirage Isn't Going Core :( - Path of Exile Curse of the Allflame,sirgog,https://www.youtube.com/watch?v=1AVkfighXmQ,2026-07-14T10:37:01Z,5739,956.5,1470.7,19734,2026-07-16T19:20:19Z,19734
2026-07-14T19:26:50Z,Eye of Winter Spellslinger Elementalist Looks VERY Promising - League Start Test for PoE 3.29,Peuget2,https://www.youtube.com/watch?v=WNbhu261kMc,2026-07-14T14:00:38Z,1177,196.17,214.37,4968,2026-07-16T14:05:37Z,4968
2026-07-14T19:26:50Z,Новости PoE 1 | Мираж не в коре /будущее контента 3.28 | ПоЕ Проклятие Всепламени | PoE 3.29,unstabb,https://www.youtube.com/watch?v=VybN1GGOj7c,2026-07-14T14:54:18Z,3918,653.0,653.0,10700,2026-07-16T19:20:19Z,10700
2026-07-14T19:26:50Z,New Tech! Over 1 Million Gold / Minute Without Leaving Hideout | PoE 2 0.5,Belton,https://www.youtube.com/watch?v=TOUI_FB0Z2s,2026-07-14T16:24:22Z,4074,679.0,1412.7,20777,2026-07-16T19:20:19Z,20777
2026-07-14T19:26:50Z,"Mirage is NOT Going Core in 3.29, My Thoughts - Path of Exile 1",Fubgun,https://www.youtube.com/watch?v=UN5HwhrDbEs,2026-07-14T13:55:40Z,11905,1984.17,1984.17,29538,2026-07-16T19:20:19Z,29538
2026-07-15T02:51:43Z,Who were The Precursors? | Path Of Exile 2 Lore,Lore Of Exile,https://www.youtube.com/watch?v=aumN0EXeFKc,2026-07-14T23:00:20Z,2632,438.67,644.93,14882,2026-07-16T19:20:19Z,14882
2026-07-15T08:23:11Z,Creating A Random Gemling Build In Hardcore PoE 2 - Episode 1,Blazeworks TV,https://www.youtube.com/watch?v=RNTMe6jtgv0,2026-07-15T01:07:52Z,575,79.25,79.25,575,2026-07-15T08:23:11Z,575
2026-07-15T08:23:11Z,Dual Strike of Ambidexterity Slayer Looks VERY Promising - League Start Test for Path of Exile 3.29,Peuget2,https://www.youtube.com/watch?v=h5h7j8qnjCs,2026-07-13T14:00:13Z,4084,96.36,96.36,4360,2026-07-15T19:19:22Z,4360
2026-07-15T08:23:11Z,Crafting a 600 Divine Helmet in PoE2 pt.1 #poe2   #pathofexile2   #crafting  #poe2crafting #shorts,Niter,https://www.youtube.com/watch?v=RY7f0y9Amkg,2026-07-14T13:00:08Z,9034,466.05,497.76,22356,2026-07-16T19:20:19Z,22356
2026-07-15T08:23:11Z,Diablo 4 Season 14 - NEW PATCH LIVE & HCSSF Sorcerer Cooking!,wudijo,https://www.youtube.com/watch?v=KWgQ3_72xLw,2026-07-15T00:36:24Z,15492,1991.31,1991.31,15764,2026-07-15T13:53:07Z,15764
2026-07-15T13:53:07Z,5 Changes PoE 1 Needs in Patch 3.29!,Path of Evening,https://www.youtube.com/watch?v=CEBlViZ3p0U,2026-07-15T12:00:33Z,544,90.67,392.0,7187,2026-07-16T19:20:19Z,7187
2026-07-15T13:53:07Z,Poison Blade Fall Surfcaster chosen by DragonFang,CaptainLance9,https://www.youtube.com/watch?v=cZr-DinoRzA,2026-07-14T16:29:07Z,7519,351.35,351.35,8853,2026-07-16T19:20:19Z,8853
2026-07-15T13:53:07Z,【PoE2】ダメージ無効・1秒で1億ダメージ・画面破壊！今期の超火力・高耐久ビルド大集合！（生配信切り抜き）｜Path of Exile2｜Runes of Aldur,GPDちゃんねる,https://www.youtube.com/watch?v=5NU-Qt1KlMM,2026-07-15T09:00:21Z,2451,408.5,440.63,7556,2026-07-16T19:20:19Z,7556
2026-07-15T13:53:07Z,PoE2 Streamer Takes On A Ridiculous Challenge,Exiled Again,https://www.youtube.com/watch?v=qWusIPBRvho,2026-07-15T13:00:39Z,2573,428.83,1929.17,26535,2026-07-17T03:16:03Z,26535
2026-07-15T13:53:07Z,POE 1 - 3.29 Teasers Day 10: Full Reliquarian Deep Dive - Path of Exile Curse of the Allflame,sirgog,https://www.youtube.com/watch?v=A6PsRfnDXNg,2026-07-15T11:00:06Z,6025,1004.17,2065.09,28439,2026-07-17T03:16:03Z,28439
2026-07-15T19:19:22Z,[.5] 40k ES from 1 Unique,Oscrix,https://www.youtube.com/watch?v=XDPSwNl-JKA,2026-07-15T17:05:55Z,733,122.17,537.55,9966,2026-07-17T03:16:03Z,9966
2026-07-16T03:12:53Z,"PROXIMAS TEMPORADAS - POE 1 & POE 2, D4, TLI & MAIS",3p Venom,https://www.youtube.com/watch?v=eQTmbdfAUaU,2026-07-15T18:00:31Z,576,62.57,62.57,576,2026-07-16T03:12:53Z,576
2026-07-16T03:12:53Z,🔴[LIVE] Can You Beat PoE 2 with One Shots Only? Act 2!,Lolcohol,https://www.youtube.com/watch?v=GtZTLCb17DE,2026-07-15T16:43:00Z,1327,126.4,126.4,1327,2026-07-16T03:12:53Z,1327
2026-07-16T03:12:53Z,New Unique set for Reliquarian looks pretty NUTS!,LLYD,https://www.youtube.com/watch?v=T1aKHc_aY5A,2026-07-15T07:31:11Z,2939,149.22,149.22,3059,2026-07-16T14:05:37Z,3059
2026-07-16T03:12:53Z,"99 Push then 1 Div challenges! New Players welcome - Get involved, come say hello",Barricade,https://www.youtube.com/watch?v=nOQm6i7l1ak,2026-07-15T04:37:52Z,4417,195.58,195.58,4441,2026-07-16T14:05:37Z,4441
2026-07-16T08:22:42Z,Defenses are INSANE on New Reliquarian in 3.29 | Path of Exile: Curse of the Allflame,Jorgen,https://www.youtube.com/watch?v=Z-uKyyQvY5I,2026-07-15T22:53:44Z,3245,342.2,357.21,7496,2026-07-17T08:18:58Z,7496
2026-07-16T08:22:42Z,Новости PoE 1 | Новые пассивки Реликварианки в 3.29 | ПоЕ Проклятие Всепламени | PoE 3.29,unstabb,https://www.youtube.com/watch?v=clCvSJs7kR0,2026-07-15T16:46:55Z,5532,354.7,354.7,7302,2026-07-16T19:20:19Z,7302
2026-07-16T08:22:42Z,"POE 1 - 3.29 Teasers Day 11: Free MTX Promo, Big Reveal Soon - Path of Exile Curse of the Allflame",sirgog,https://www.youtube.com/watch?v=VKxw_722W2w,2026-07-16T03:05:18Z,3041,506.83,506.83,7687,2026-07-17T08:18:58Z,7687
2026-07-16T08:22:42Z,Added Damage Tech is EVEN CRAZIER on New Reliquarian in 3.29 | Path of Exile: Curse of the Allflame,Dreamcore,https://www.youtube.com/watch?v=orzys1TDhtI,2026-07-15T17:10:54Z,14334,943.23,943.23,20589,2026-07-17T03:16:03Z,20589
2026-07-16T14:05:37Z,HOW I MADE HUNDREDS OF DIVINES ON DAY 1 | ZERO TO MIRROR JOURNEY | Path of Exile 2,Phalanx,https://www.youtube.com/watch?v=8iXHXSUVTy8,2026-07-16T10:00:38Z,1213,202.17,436.1,6002,2026-07-17T08:18:58Z,6002
2026-07-16T19:20:19Z,【POE2】最高の神リーグ開始まであと1日！,スイクンゲームズ,https://www.youtube.com/watch?v=zxjlP7-ZaWM,2026-07-16T15:16:07Z,976,162.67,162.67,976,2026-07-16T19:20:19Z,976
2026-07-16T19:20:19Z,New Reliquarian looks insane?? - Path of Exile 1 News,Zizaran,https://www.youtube.com/watch?v=Cv5E5iQp_I0,2026-07-16T17:32:35Z,2668,444.67,444.67,2668,2026-07-16T19:20:19Z,2668
2026-07-16T19:20:19Z,"Новости PoE 1 | По дропсам и ""возможной"" тематике новой лиги | ПоЕ Проклятие Всепламени | PoE 3.29",unstabb,https://www.youtube.com/watch?v=cFAVzgpn6uY,2026-07-16T12:34:53Z,4593,679.7,679.7,6108,2026-07-17T08:18:58Z,6108
2026-07-17T03:16:03Z,POE 1 - 3.29 Teasers Day 12: First Reaction to GGG Livestream - Path of Exile Curse of the Allflame,sirgog,https://www.youtube.com/watch?v=eI64HXaqO84,2026-07-16T21:04:22Z,2058,332.21,332.21,3191,2026-07-17T08:18:58Z,3191
2026-07-17T03:16:03Z,🔴[LIVE] PoE 2 One Shot Challenge - JAMANRA TODAY,Lolcohol,https://www.youtube.com/watch?v=NIUuXof0Sto,2026-07-16T21:25:58Z,2108,351.33,351.33,2108,2026-07-17T03:16:03Z,2108
2026-07-17T03:16:03Z,"CURSE of the ALLFLAME Developer Q&A - PATH of EXILE's 3.29 Expansion - Boats, Buffs & Socket Changes",ZiggyD Gaming,https://www.youtube.com/watch?v=9-xhpd3HdyE,2026-07-17T00:20:51Z,2344,390.67,1282.17,28961,2026-07-18T02:53:02Z,28961
2026-07-17T03:16:03Z,The NEW Crafting is INSANE in 3.29!! - PoE 1 Reaction,GhazzyTV,https://www.youtube.com/watch?v=TWOUG5fj_bM,2026-07-16T21:31:34Z,2500,416.67,507.53,10009,2026-07-17T19:18:04Z,10009
2026-07-17T03:16:03Z,PoE 1 3.29 Reveal Is Way More Than I Expected,ds lily,https://www.youtube.com/watch?v=D3ONhlbtorA,2026-07-16T22:03:44Z,2589,431.5,478.05,8480,2026-07-17T19:18:04Z,8480
2026-07-17T03:16:03Z,Path of Exile’s Developers Just Called Out AAA Development,Destin,https://www.youtube.com/watch?v=D6FVzJnL1b0,2026-07-16T21:30:27Z,3164,527.33,667.9,14556,2026-07-17T19:18:04Z,14556
2026-07-17T03:16:03Z,VEM FORTE a Nova Liga do Path of Exile 1 - Curse of the Allflame 3.29,Escola do Exilado,https://www.youtube.com/watch?v=sa33toYA7vc,2026-07-17T01:57:09Z,3939,656.5,673.34,4285,2026-07-17T08:18:58Z,4285
2026-07-17T03:16:03Z,[Drops] POE1 3.29 Full Reveal and Watch Party at 4PM EST! Then !TorchLight Tonight at 10PM Est.,XTheFarmerX,https://www.youtube.com/watch?v=NgM5pbB3fNg,2026-07-17T00:25:26Z,4586,764.33,764.33,4794,2026-07-17T08:18:58Z,4794
2026-07-17T03:16:03Z,Ben's Thoughts On Reliquarian For 3.29,Ben,https://www.youtube.com/watch?v=2RsqeaeTaPM,2026-07-16T16:00:10Z,13141,1166.54,1166.54,17604,2026-07-17T13:49:50Z,17604
2026-07-17T03:16:03Z,Diablo 4 Season 14 - HC Sorc & Pally & Path of Exile Reveal Watch Party,wudijo,https://www.youtube.com/watch?v=tyxaQ-iufFM,2026-07-16T22:55:14Z,9220,1536.67,1536.67,9655,2026-07-18T02:53:02Z,9655
2026-07-17T03:16:03Z,Path of Exile 1: Curse of the Allflame Official Trailer,Path of Exile,https://www.youtube.com/watch?v=ARFSbodxJZU,2026-07-16T20:05:16Z,79455,11066.22,11066.22,136823,2026-07-17T19:18:04Z,136823
2026-07-17T03:16:03Z,Path of Exile 1: Curse of the Allflame Content Reveal,Path of Exile,https://www.youtube.com/watch?v=F5dO2Gg01VU,2026-07-16T20:34:34Z,97342,14546.84,14546.84,219317,2026-07-17T19:18:04Z,219317
2026-07-17T08:18:58Z,Luminary Ascendency REVEALED for 3.29 | Path of Exile: Curse of the Allflame,Jorgen,https://www.youtube.com/watch?v=-n_6LkExxJM,2026-07-17T03:55:25Z,1265,210.83,210.83,1265,2026-07-17T08:18:58Z,1265
2026-07-17T08:18:58Z,Ethereal Knives Elementalist | S+ Tier League starter just got better! | POE 1 3.29,Lokati,https://www.youtube.com/watch?v=FMtdXWFo0o8,2026-07-17T04:32:22Z,1326,221.0,605.75,15320,2026-07-18T13:26:41Z,15320
2026-07-17T08:18:58Z,So Many BUFFS in the Patch Notes for 3.29 | Path of Exile: Curse of the Allflame,Jorgen,https://www.youtube.com/watch?v=uhReEg1IE3Q,2026-07-17T02:16:14Z,2335,386.22,463.92,5363,2026-07-17T13:49:50Z,5363
2026-07-17T08:18:58Z,RESUMÃO da NOVA LIGA do Path of Exile - 3.29 Curse of the Allflame,Escola do Exilado,https://www.youtube.com/watch?v=4GS5ybwpJbM,2026-07-16T21:33:54Z,4422,411.3,411.3,4422,2026-07-17T08:18:58Z,4422
2026-07-17T08:18:58Z,패스오브엑자일1 3.29 패치노트 주요 변경점,핵슬톡,https://www.youtube.com/watch?v=ZnQWkEEg57o,2026-07-17T05:10:47Z,2538,423.0,423.0,9148,2026-07-18T13:26:41Z,9148
2026-07-17T08:18:58Z,GGG Live - Curse of the Allflame Reveal!,Path of Evening,https://www.youtube.com/watch?v=XIfL_ak59Og,2026-07-17T00:01:55Z,3712,448.07,448.07,3712,2026-07-17T08:18:58Z,3712
2026-07-17T13:49:50Z,"Socket Colours are ""Gone"" in Path of Exile 1 | What it Means for 3.29",Palsteron,https://www.youtube.com/watch?v=pUo6r_9aosE,2026-07-17T12:38:45Z,2354,392.33,1427.39,16597,2026-07-19T03:24:34Z,16597
2026-07-17T13:49:50Z,POE 1 - 3.29 Teasers Day 12 (Again): 6 Huge Improvements In 3.29 Path of Exile Curse of the Allflame,sirgog,https://www.youtube.com/watch?v=rzj8zEQr9hY,2026-07-17T12:25:50Z,2463,410.5,1286.32,14899,2026-07-18T19:11:39Z,14899
2026-07-17T13:49:50Z,"САМОЕ ГЛАВНОЕ С АНОНСА ЛИГИ. РЕВОРК АБИСА, МЕРКИ В КОРЕ · Path of Exile 3.29 Curse of the Allflame",Vurman PoE / Нарезки,https://www.youtube.com/watch?v=-QQpKYZ9MOM,2026-07-17T04:23:55Z,4436,470.31,470.31,4436,2026-07-17T13:49:50Z,4436
2026-07-17T13:49:50Z,🔥 5 Cool Path Of Exile 1 League Starter Builds To Check Out | Curse of the Allflame League 3.29,Jorgen,https://www.youtube.com/watch?v=srD1gy3IKuw,2026-07-17T11:20:55Z,2895,482.5,1479.12,34930,2026-07-18T19:11:39Z,34930
2026-07-17T13:49:50Z,Everything you need to know about POE 3.29 in less than 10 minutes,Zizaran,https://www.youtube.com/watch?v=rugOaj5h9sg,2026-07-17T12:23:27Z,3750,625.0,2506.62,30837,2026-07-18T19:11:39Z,30837
2026-07-17T13:49:50Z,Curse of the Allflame League Reveal!,CaptainLance9,https://www.youtube.com/watch?v=g5QjWARo1NE,2026-07-17T01:13:37Z,8624,684.24,684.24,8892,2026-07-17T19:18:04Z,8892
2026-07-17T13:49:50Z,[PoE 1] My SIege Ballista league starter in Patch 3.29 // What happened? & What I will do next,POEGuy,https://www.youtube.com/watch?v=XXIGBMWkM-Q,2026-07-17T08:30:49Z,4453,742.17,847.82,13129,2026-07-18T13:26:41Z,13129
2026-07-17T13:49:50Z,"These Spell ""Buffs"" Are... Interesting... (3.29 Patch Notes)",Ben,https://www.youtube.com/watch?v=CTgZQ4flIhE,2026-07-17T03:31:52Z,11587,1125.0,1125.0,21772,2026-07-18T08:00:37Z,21772
2026-07-17T13:49:50Z,Luminary Will Crush Leaguestart,CaptainLance9,https://www.youtube.com/watch?v=Kgxx3AhI_os,2026-07-17T03:45:23Z,22341,2217.62,2217.62,41803,2026-07-18T08:00:37Z,41803
2026-07-17T13:49:50Z,Sockets Colours Are GONE?! - POE Curse of the Allflame Reveal,Zizaran,https://www.youtube.com/watch?v=1f3r0VRrN7Y,2026-07-16T21:02:24Z,78538,4677.47,4677.47,94849,2026-07-17T19:18:04Z,94849
2026-07-17T19:18:04Z,Ethereal Knives Elementalist | Simple to follow EK Leveling Guide | POE 1 3.29,Lokati,https://www.youtube.com/watch?v=v6R3pnT2_W4,2026-07-17T10:35:19Z,3575,410.32,410.32,7435,2026-07-18T13:26:41Z,7435
2026-07-17T19:18:04Z,[Path of Exile 3.29] ⚔️ Cyclone Shockwave Slayer ⚔️ Updated League Starter Build,Sanavixx,https://www.youtube.com/watch?v=JFsK67lgLhI,2026-07-17T08:51:45Z,4667,447.08,447.08,8097,2026-07-18T08:00:37Z,8097
2026-07-17T19:18:04Z,Baron Zombie Slammer - SSF Zero to Hero - TOTA Event PoE 1,Thyworm,https://www.youtube.com/watch?v=PLlochomm6k,2026-07-17T11:10:54Z,5636,694.12,694.12,9636,2026-07-18T13:26:41Z,9636
2026-07-18T02:53:02Z,Is Mageblood too Overpowered or is it the Perfect Unique? - The Path 2 Exile Podcast Ep. 52,MisoxShiru,https://www.youtube.com/watch?v=R-E7cy2IzeM,2026-07-17T02:15:16Z,7287,295.87,295.87,7287,2026-07-18T02:53:02Z,7287
2026-07-18T02:53:02Z,[PoE 1] 11 builds para começar na nova liga sem passar fome! - Path of Exile Curse of Allflame,Melk PoE,https://www.youtube.com/watch?v=ap4w16nCA0s,2026-07-17T21:53:45Z,1977,329.5,347.52,3515,2026-07-18T08:00:37Z,3515
2026-07-18T02:53:02Z,3.29 Leaguestart Test - Winter Orb Elementalist - buffed by 67%,Ventrua,https://www.youtube.com/watch?v=1y_kBEsnps8,2026-07-17T23:16:49Z,2039,339.83,615.33,15666,2026-07-19T13:35:45Z,15666
2026-07-18T02:53:02Z,The Minion Build Meta didn't really change in 3.29..,GhazzyTV,https://www.youtube.com/watch?v=Umu08Jj-quo,2026-07-17T14:35:46Z,8848,720.06,720.06,15515,2026-07-19T08:26:27Z,15515
2026-07-18T02:53:02Z,3.29 full reveal and patch notes - !build !filter poe2,Fubgun,https://www.youtube.com/watch?v=y9CxJ9QdsI8,2026-07-17T04:13:50Z,24639,1087.65,1087.65,24934,2026-07-18T08:00:37Z,24934
2026-07-18T02:53:02Z,PoE 1 | 3.29 Righteous Fire Changes | Curse of the Allflame,Pohx,https://www.youtube.com/watch?v=y8E0vji4m_g,2026-07-17T23:56:06Z,6677,1112.83,2433.91,57354,2026-07-19T19:13:13Z,57354
2026-07-18T02:53:02Z,I had low expectations but patch notes look... fine?,Zizaran,https://www.youtube.com/watch?v=aG0jUDR2i_M,2026-07-17T10:52:05Z,24298,1517.12,1517.12,29122,2026-07-18T19:11:39Z,29122
2026-07-18T02:53:02Z,Winners Vs. Losers of POE 3.29,Zizaran,https://www.youtube.com/watch?v=eRh78PfX98o,2026-07-17T18:57:07Z,40839,5148.66,5148.66,106564,2026-07-19T13:35:45Z,106564
2026-07-18T08:00:37Z,Path of Exile 1: Curse of the Allflame Official Trailer,Path of Exile,https://www.youtube.com/watch?v=Hjgb9fmU_4U,2026-07-18T00:00:08Z,2331,291.08,291.08,2331,2026-07-18T08:00:37Z,2331
2026-07-18T08:00:37Z,Winter Orb SSF Start → Eater/Exarch in UNDER 5 HOURS,jungroan,https://www.youtube.com/watch?v=xpsV4hSIwqs,2026-07-17T22:30:33Z,23156,2437.15,2486.91,76915,2026-07-19T19:13:13Z,76915
2026-07-18T13:26:41Z,Crackling Lance Elementalist - League Starter Preview | PoE 3.29,Peuget2,https://www.youtube.com/watch?v=H_k45J_60Mo,2026-07-17T14:00:08Z,7544,321.81,321.81,7544,2026-07-18T13:26:41Z,7544
2026-07-18T13:26:41Z,Everything Explained About Low Budget Expedition Treasure Hunting - Currency Guide - Path of Exile 2,Master T,https://www.youtube.com/watch?v=t9DNsthvsmY,2026-07-17T23:55:18Z,4422,326.99,326.99,4422,2026-07-18T13:26:41Z,4422
2026-07-18T13:26:41Z,"[PoE 1] POEGUY's BACKUP 3.29 STARTER BUILD // GAMEPLAY SHOWCASE ( on Low, Normal & High budget )",POEGuy,https://www.youtube.com/watch?v=w6ujqr1GBbY,2026-07-18T10:08:40Z,3318,553.0,1250.62,24375,2026-07-20T09:24:51Z,24375
2026-07-18T13:26:41Z,CRUSH the New League with this Build | Curse of the Allflame | Path of Exile 3.29,EXILED CAT,https://www.youtube.com/watch?v=LAAATs8mWb4,2026-07-18T10:00:20Z,4992,832.0,1499.22,34416,2026-07-20T09:24:51Z,34416
2026-07-18T13:26:41Z,[3.29] Winter Orb Occultist l League Starter l Path of Exile,Tanjar,https://www.youtube.com/watch?v=DGJEmW6b5aw,2026-07-18T01:30:46Z,13698,1147.99,1147.99,24455,2026-07-19T08:26:27Z,24455
2026-07-18T13:26:41Z,The Biggest WINNERS & LOSERS of Patch 3.29 | Path of Exile: Curse of the Allflame,Dreamcore,https://www.youtube.com/watch?v=i63PkUjhark,2026-07-17T16:49:09Z,30567,1481.98,1481.98,33663,2026-07-19T03:24:34Z,33663
2026-07-18T19:11:39Z,Новости PoE 1 | Разбор анонса новой лиги | ПоЕ 3.29 Проклятие Всепламени | PoE Curse of the Allflame,unstabb,https://www.youtube.com/watch?v=dbah4fqe_bk,2026-07-17T12:36:02Z,10332,337.72,337.72,10332,2026-07-18T19:11:39Z,10332
2026-07-18T19:11:39Z,The Top 10 Biggest Changes in 3.29 Curse of the Allflame - Path of Exile 1,Fubgun,https://www.youtube.com/watch?v=NIZ5_NK9WFA,2026-07-18T15:19:26Z,4976,829.33,1088.3,28181,2026-07-20T14:19:21Z,28181
2026-07-18T19:11:39Z,[3.29] ARCTIC SALVO Build Guide — Creeping Frost & Winter Orb Elementalist [Path of Exile 1],PhazePlays,https://www.youtube.com/watch?v=kO1ZTP_WLvE,2026-07-18T17:12:05Z,5305,884.17,2982.57,63690,2026-07-20T14:19:21Z,63690
2026-07-18T19:11:39Z,Winter Orb Elementalist - League Starter Preview | PoE 3.29,Peuget2,https://www.youtube.com/watch?v=62JkpZ4VtCk,2026-07-18T14:00:20Z,6071,1011.83,1011.83,20792,2026-07-19T19:13:13Z,20792
2026-07-18T19:11:39Z,Spark Archmage Hierophant is BACK! | 3.29 League Starter Guide | Path of Exile,Big Ducks,https://www.youtube.com/watch?v=DpHXNVNeH88,2026-07-18T13:30:10Z,7034,1172.33,1172.33,29633,2026-07-20T09:24:51Z,29633
2026-07-18T19:11:39Z,PoE Streamers React to Curse of the Allflame Content Reveal,Exiled Again,https://www.youtube.com/watch?v=2Sg_-Di72d4,2026-07-17T15:31:38Z,40330,1457.69,1457.69,44237,2026-07-19T08:26:27Z,44237
2026-07-19T03:24:34Z,"Подводный фарм, удаление синтеза, ExileCon и прочее из интервью | Path of Exile",CARDIFF GAMING,https://www.youtube.com/watch?v=ZCg6vxseEGc,2026-07-18T17:47:52Z,3450,358.93,358.93,6816,2026-07-19T19:13:13Z,6816
2026-07-19T03:24:34Z,❰Path of Exile 3.29 Curse of the Allflame❱ Poison Reaper of Revenants Build Guide!,tabl3s,https://www.youtube.com/watch?v=FqhnXGafObk,2026-07-18T20:50:02Z,3139,477.35,687.42,14129,2026-07-20T14:19:21Z,14129
2026-07-19T03:24:34Z,Path of Exile: Лучшие стартовые билды для Curse of the Allflame. Чем стартовать?,ThisIsMacho,https://www.youtube.com/watch?v=zR7VyvGGA1I,2026-07-18T14:14:47Z,6586,500.33,500.33,14623,2026-07-20T14:19:21Z,14623
2026-07-19T03:24:34Z,[PoE 3.29] Wintertide Brand Cold Dot Elementalist League Starter Guide | Curse of the Allflame,Lazy Exile,https://www.youtube.com/watch?v=TJHcfOATmeM,2026-07-18T20:11:26Z,5138,711.72,711.72,17211,2026-07-20T14:19:21Z,17211
2026-07-19T03:24:34Z,17 Most BUFFED Skills in PoE 3.29 - Patch Notes TL;DR for New League Builds - Path of Exile 1,ronarray,https://www.youtube.com/watch?v=LXODGljq5L8,2026-07-18T22:28:03Z,5002,833.67,1110.62,27075,2026-07-20T19:48:57Z,27075
2026-07-19T08:26:27Z,BEST CURRENCY FARMS For Lazy Braindead Dad Gamers!,Perra Gaming,https://www.youtube.com/watch?v=9NOtnKREENc,2026-07-18T17:50:04Z,6438,440.76,440.76,10794,2026-07-20T09:24:51Z,10794
2026-07-19T08:26:27Z,POE 1 - 3.29 Teasers - EVERYTHING about Mirror Crafting Changed. Path of Exile Curse of the Allflame,sirgog,https://www.youtube.com/watch?v=eXC7WeZfcjM,2026-07-19T07:26:18Z,2803,467.17,2042.84,26244,2026-07-20T19:48:57Z,26244
2026-07-19T08:26:27Z,[POE2] How I Hit #1 Rarity this Season in PoE2 (Full Rarity Bot Guide),MazBro,https://www.youtube.com/watch?v=P9JhcYdXzpg,2026-07-18T19:36:22Z,6271,488.59,488.59,10425,2026-07-20T09:24:51Z,10425
2026-07-19T13:35:45Z,Новости PoE 1 | Разбор патчноута новой лиги | ПоЕ 3.29 Проклятие Всепламени | Curse of the Allflame,unstabb,https://www.youtube.com/watch?v=shVPwugrU8E,2026-07-18T11:02:12Z,7437,280.02,280.02,7823,2026-07-19T19:13:13Z,7823
2026-07-19T13:35:45Z,[PoE 1] My 3.29 League Start Plans & Addressing Some Common Concerns.,POEGuy,https://www.youtube.com/watch?v=ckGl8Dx4NkI,2026-07-19T09:29:47Z,2425,404.17,505.34,9447,2026-07-20T19:48:57Z,9447
2026-07-19T13:35:45Z,PoE 3.29 - Ice Crash Ignite Chieftain - Build Guide,Crouching_Tuna,https://www.youtube.com/watch?v=YTTcKnqipOM,2026-07-18T13:13:21Z,46735,1917.46,1917.46,46735,2026-07-19T13:35:45Z,46735
2026-07-19T19:13:13Z,[0.5] PoE 2 ARC GEMLING IS THE MOST OP - RETURN OF THE ANCIENTS - PoE 2 Builds,Path of Exile Builds,https://www.youtube.com/watch?v=O0Sfv7mnGXc,2026-07-19T13:14:31Z,4107,684.5,684.5,10441,2026-07-20T14:19:21Z,10441
2026-07-19T19:13:13Z,Venom Gyre is Still Good! | My plans for 3.29 Curse of the Allflame | Path of Exile 1,Kankar,https://www.youtube.com/watch?v=pdFpksjrre4,2026-07-19T16:07:22Z,7482,1247.0,1562.02,29321,2026-07-21T03:18:39Z,29321
2026-07-19T19:13:13Z,Why These Buffed Spells Might be Insane in 3.29 - Path of Exile 1,Fubgun,https://www.youtube.com/watch?v=WtjTWxnQ84I,2026-07-19T13:38:47Z,24876,4146.0,4146.0,69568,2026-07-21T03:18:39Z,69568
2026-07-20T03:38:23Z,[PoE 3.29] How to get to Endgame FAST in 3.29 Curse of the Allflame!,CyclonDefinitiv,https://www.youtube.com/watch?v=HppqlC2bDq4,2026-07-18T14:57:09Z,10354,282.22,282.22,10354,2026-07-20T03:38:23Z,10354
2026-07-20T03:38:23Z,Conductive Runes Pathfinder -  New Build New Day - Build #11 - Day 1,KallTorak,https://www.youtube.com/watch?v=Us9tSimubmY,2026-07-19T18:06:29Z,2991,313.79,313.79,2991,2026-07-20T03:38:23Z,2991
2026-07-20T03:38:23Z,Mercenary Breakdown ~ Luminary Basics,CaptainLance9,https://www.youtube.com/watch?v=i-jJT6Z9-ZU,2026-07-19T13:52:24Z,25860,1878.47,1878.47,38087,2026-07-21T03:18:39Z,38087
2026-07-20T03:38:23Z,[PoE 3.29] Winter Orb Occultist Build - IN DEPTH League Starter Guide - Path of Exile,ronarray,https://www.youtube.com/watch?v=yn1MzoinnUw,2026-07-19T21:37:11Z,12109,2011.41,2189.26,59150,2026-07-21T08:36:50Z,59150
2026-07-20T09:24:51Z,Winter Orb Exarch & Eater Leaguestart Run for 3.29,Tuadh,https://www.youtube.com/watch?v=7hh9007q-Mc,2026-07-18T10:33:44Z,18297,390.53,390.53,18297,2026-07-20T09:24:51Z,18297
2026-07-20T09:24:51Z,"POE 1 - 3.29 Teasers Day 15: Scuttling Totems, NEW Abyss Unique- Path of Exile Curse of the Allflame",sirgog,https://www.youtube.com/watch?v=EDEzsdi88AM,2026-07-20T06:19:29Z,5136,856.0,1519.52,19252,2026-07-21T14:05:12Z,19252
2026-07-20T14:19:21Z,[POE 3.29 牙膏] 追加 PN 1 &  新傳奇 x 2 | 自走型法術圖騰 | POE1 3.29 | Curse of the Allflame | 亡焰咒海,hfok,https://www.youtube.com/watch?v=z1fL3aQ4Quk,2026-07-20T06:58:15Z,2271,308.9,308.9,2841,2026-07-20T19:48:57Z,2841
2026-07-20T14:19:21Z,Toxic Rain Pathfinder League Start Guide - PoE 3.29,Path of Evening,https://www.youtube.com/watch?v=HwsaAGY8HdQ,2026-07-20T12:00:31Z,3556,592.67,1543.05,24335,2026-07-21T19:38:37Z,24335
2026-07-20T14:19:21Z,[PoE 1] NEW TOTEM ARCHETYPE: MOVING TOTEMS // The Crustacean's Call staff,POEGuy,https://www.youtube.com/watch?v=vLQxgTZxLwY,2026-07-20T08:43:27Z,5815,969.17,969.17,12778,2026-07-21T14:05:12Z,12778
2026-07-20T14:19:21Z,Armour Stack 3.29 Changes – Path of Exile: Curse of the Allflame,Bigdaddy,https://www.youtube.com/watch?v=dwCf84ZIFSQ,2026-07-20T07:08:03Z,7461,1037.91,1037.91,7461,2026-07-20T14:19:21Z,7461
2026-07-20T14:19:21Z,[PoE 3.29] Luminary Link/Aurabot with Kineticist Mercenary Guide | Leaguestart to Endgame Overview,Nerotox,https://www.youtube.com/watch?v=q53Zy1rsiXg,2026-07-20T01:15:00Z,13631,1042.71,1042.71,13631,2026-07-20T14:19:21Z,13631
2026-07-20T14:19:21Z,Penance Brand Ignite Elementalist UPDATED FOR 3.29 - BETTER THAN EVER!,Goratha,https://www.youtube.com/watch?v=42t9yK-9_Go,2026-07-19T17:42:18Z,37703,1828.68,1828.68,50400,2026-07-21T03:18:39Z,50400
2026-07-20T19:48:57Z,Path of Exile Curse of the Allflame Supporter Packs | Full MTX Showcase,Robsafari,https://www.youtube.com/watch?v=X9aB9N59Hrw,2026-07-20T14:15:16Z,1562,260.33,260.33,1562,2026-07-20T19:48:57Z,1562
2026-07-20T19:48:57Z,Static Strike Slayer Leaguestarter Guide | Full Leveling POB and crafting guide | 3.29 Path of Exile,Alohaa,https://www.youtube.com/watch?v=jQy7qtUnQHM,2026-07-19T16:49:07Z,14917,552.54,552.54,17746,2026-07-21T03:18:39Z,17746
2026-07-20T19:48:57Z,Winter Orb Elementalist - League Starter Leveling Guide | PoE 3.29,Peuget2,https://www.youtube.com/watch?v=yRmMxrYS3bM,2026-07-20T14:00:20Z,3503,583.83,583.83,12038,2026-07-22T03:16:59Z,12038
2026-07-20T19:48:57Z,LIVESTREAM - POE 1 3.29 PATCH NOTES Second Thoughts - Path of Exile - Curse of the Allflame League,sirgog,https://www.youtube.com/watch?v=Iaq5tzh8wsE,2026-07-20T19:15:44Z,4205,700.83,714.39,7387,2026-07-21T19:38:37Z,7387
2026-07-20T19:48:57Z,Do NOT League Start Winter Orb in PoE 3.29,aer0,https://www.youtube.com/watch?v=YKQp36JiJPE,2026-07-20T15:20:03Z,5089,848.17,1142.95,26171,2026-07-22T03:16:59Z,26171
2026-07-20T19:48:57Z,POE 1 - 3.29 | The Best Patch for New Players!,Pohx,https://www.youtube.com/watch?v=DI55ujuqJOc,2026-07-20T15:13:09Z,9893,1648.83,1648.83,23852,2026-07-22T03:16:59Z,23852
2026-07-20T19:48:57Z,"Lightning Arrow Deadeye, League Start Guide for 3.29 - Path of Exile 1",Fubgun,https://www.youtube.com/watch?v=Ov5KpoNcvr4,2026-07-20T14:37:03Z,14104,2350.67,2350.67,39115,2026-07-22T03:16:59Z,39115
2026-07-20T19:48:57Z,One of the MOST EFFECTIVE Leaguestarters! - Boneshatter Juggernaut [PoE 3.29],Zizaran,https://www.youtube.com/watch?v=ThANqlWYJ98,2026-07-20T14:40:41Z,21744,3624.0,3624.0,67885,2026-07-22T03:16:59Z,67885
2026-07-21T03:18:39Z,This Is What 10 Years Of PoE Looks Like,Exiled Again,https://www.youtube.com/watch?v=L1tHwNDIVXw,2026-07-19T13:00:13Z,46973,1226.21,1226.21,46973,2026-07-21T03:18:39Z,46973
2026-07-21T03:18:39Z,Best PoE 1 QOL Update for New Players! | Path of Exile 1: Curse of the Allflame Content Reveal Q&A,Path of Exile,https://www.youtube.com/watch?v=VR3MAVpXBms,2026-07-20T22:54:49Z,8132,1355.33,2015.26,58209,2026-07-22T08:36:22Z,58209
2026-07-21T03:18:39Z,POE2 In 2026 - Better Than Diablo 4?,TheLazyPeon,https://www.youtube.com/watch?v=Mf3VWTDZx-0,2026-07-19T14:00:22Z,59182,1586.44,1586.44,59182,2026-07-21T03:18:39Z,59182
2026-07-21T03:18:39Z,"""The biggest buff by a mile..."" | The PoE Report Podcast #11 | Path of Exile: Curse of the Allflame",Dreamcore,https://www.youtube.com/watch?v=fPTU3EGe59A,2026-07-20T14:15:27Z,22699,1738.91,1738.91,37332,2026-07-22T03:16:59Z,37332
2026-07-21T03:18:39Z,"The Spellcaster Changes Are Kinda Weird | Path of Exile, Patch 3.29",Palsteron,https://www.youtube.com/watch?v=XstdJOSBNE8,2026-07-20T19:31:08Z,26906,3452.94,3452.94,61594,2026-07-22T08:36:22Z,61594
2026-07-21T08:36:50Z,PoE 3.29 Day 1 Farming Strategy - How to Make Currency at League Start,bLut,https://www.youtube.com/watch?v=ethtJ13feeg,2026-07-20T16:13:05Z,5034,307.02,307.02,5034,2026-07-21T08:36:50Z,5034
2026-07-21T08:36:50Z,[PoE] Brutus of Divine Judgment Is Going To Be Stronger Than Ever in 3.29,Carnarius,https://www.youtube.com/watch?v=-DX3Mw4l1iI,2026-07-20T16:26:51Z,5223,323.07,323.07,5223,2026-07-21T08:36:50Z,5223
2026-07-21T08:36:50Z,Path of Exile 2 - Most Profitable Vaaling Session Ever,OnesInTheChat,https://www.youtube.com/watch?v=_PiaF0Me3pE,2026-07-20T14:30:32Z,5884,324.99,324.99,5884,2026-07-21T08:36:50Z,5884
2026-07-21T08:36:50Z,1 DIV Hollow Palm Monk Is Better Than You Think | PoE 2,Barricade,https://www.youtube.com/watch?v=B6SMMTprTj0,2026-07-20T20:51:14Z,4193,356.54,356.54,5280,2026-07-21T14:05:12Z,5280
2026-07-21T08:36:50Z,Новости PoE 1 | Новые уники в 3.29 | ПоЕ Проклятие Всепламени | PoE 3.29 Curse of the Allflame,unstabb,https://www.youtube.com/watch?v=Au21N2YXkss,2026-07-20T16:17:21Z,6532,400.12,400.12,7410,2026-07-21T14:05:12Z,7410
2026-07-21T08:36:50Z,POE1 3.29 Exsang Miner Elementalist Campaign Is OP | Testing Day 1 Maps,XTheFarmerX,https://www.youtube.com/watch?v=5WL3_J6_Ugc,2026-07-21T02:21:23Z,6216,993.33,993.33,6790,2026-07-21T19:38:37Z,6790
2026-07-21T08:36:50Z,Bonezone is BACK! - SPINESHATTER Champion Leaguestart (PoE 3.29 Curse of the Allflame),Woolie,https://www.youtube.com/watch?v=EGkr-48wZas,2026-07-20T17:34:45Z,18030,1199.21,1199.21,18030,2026-07-21T08:36:50Z,18030
2026-07-21T14:05:12Z,패스오브엑자일1 3.29 악몽 상하차는 여전히 좋을까?,핵슬톡,https://www.youtube.com/watch?v=2cuK_J78uBk,2026-07-21T04:44:45Z,3081,329.84,329.84,3081,2026-07-21T14:05:12Z,3081
2026-07-21T14:05:12Z,[PoE 1] Starter 3.29: POEGuy's Direct Hit EA Ballista // Great build for Casuals/New Players.,POEGuy,https://www.youtube.com/watch?v=gTrOwsAdwSE,2026-07-21T09:34:28Z,2804,467.33,532.71,7939,2026-07-22T08:36:22Z,7939
2026-07-21T14:05:12Z,Scion Act 1 Practice Makes Perfect,CaptainLance9,https://www.youtube.com/watch?v=FTnrJlOKrlg,2026-07-20T22:51:43Z,7563,496.76,496.76,8561,2026-07-22T08:36:22Z,8561
2026-07-21T14:05:12Z,"POE 1 - 3.29 Teasers Day 16: GGG FAQ, more QOL updates - Path of Exile Curse of the Allflame",sirgog,https://www.youtube.com/watch?v=vt6vi89gobU,2026-07-21T09:53:45Z,6138,1023.0,1141.18,13781,2026-07-22T14:08:23Z,13781
2026-07-21T14:05:12Z,This Cheap Build DESTROYS the New Legion | 3.29 League Starter,aer0,https://www.youtube.com/watch?v=9JlXC_nTF8Y,2026-07-21T09:00:03Z,7381,1230.17,1424.53,24351,2026-07-22T14:08:23Z,24351
2026-07-21T19:38:37Z,FLAMEWOOD TOTEMS! My League Starter Act 1 to 10 Leveling Guide | PoE 3.29,Jorgen,https://www.youtube.com/watch?v=X6S1-OL9GJY,2026-07-21T12:12:17Z,6026,810.06,810.06,9948,2026-07-22T08:36:22Z,9948
2026-07-21T19:38:37Z,My Spectre League Starter for 3.29 Allflame! - PoE 1 Build Guide,GhazzyTV,https://www.youtube.com/watch?v=3JzWWN28ECI,2026-07-21T15:26:31Z,5230,871.67,1103.25,18579,2026-07-22T14:08:23Z,18579
2026-07-21T19:38:37Z,Farm Strat Tier List for PoE 1 3.29,Path of Evening,https://www.youtube.com/watch?v=JGeTJN6sazY,2026-07-21T12:00:03Z,9363,1225.07,1225.07,16682,2026-07-22T14:08:23Z,16682
2026-07-21T19:38:37Z,3.29 League Starter Build Tier List - Path of Exile 1 - Curse of the Allflame League,AsmodeusClips,https://www.youtube.com/watch?v=LVYCeoLIAyo,2026-07-21T13:00:39Z,12787,1927.84,1927.84,31838,2026-07-22T14:08:23Z,31838
2026-07-21T19:38:37Z,The Best League Start Builds in 3.29 Curse of the Allflame - Path of Exile 1,Fubgun,https://www.youtube.com/watch?v=lOnHH393bhQ,2026-07-21T15:33:52Z,23196,3866.0,5867.12,98439,2026-07-22T14:08:23Z,98439
2026-07-22T03:16:59Z,These Builds Got INSANE BUFFS! in PoE 3.29 | Path of Exile Curse of the Allflame,GorathaRecaps,https://www.youtube.com/watch?v=8iuPfFfKIpo,2026-07-21T16:00:18Z,6368,564.62,564.62,11470,2026-07-22T14:08:23Z,11470
2026-07-22T03:16:59Z,OUR STARTER BUILD IN 3.29 LEAGUE - SYNTHESIS ITEMS ARE GONE- RELIQUARIAN- ASSASSIN- OR MAYBE SLAYER?,MAGEFIST,https://www.youtube.com/watch?v=ZxXjPVJQyk8,2026-07-21T12:28:31Z,48524,3276.87,3276.87,59398,2026-07-22T14:08:23Z,59398
2026-07-22T03:16:59Z,This build will be the META! - Winter Orb Elementalist Build Guide [PoE 3.29],Zizaran,https://www.youtube.com/watch?v=OZypCJ-5Bog,2026-07-21T20:31:15Z,49320,7293.18,7293.18,82920,2026-07-22T14:08:23Z,82920
2026-07-22T08:36:22Z,[POE] 패스파인더 슈프림 맹독성 비 가이드 All-in-One | 3.29 올플레임의 저주,Arserina 아르,https://www.youtube.com/watch?v=ikfI3iF0oik,2026-07-21T23:00:07Z,2571,267.69,267.69,2571,2026-07-22T08:36:22Z,2571
2026-07-22T08:36:22Z,Crie sua PRÓPRIA BUILD #1 - Se Aventurando no POB,Escola do Exilado,https://www.youtube.com/watch?v=n3vYxARli90,2026-07-21T22:14:36Z,4226,407.8,407.8,4226,2026-07-22T08:36:22Z,4226
2026-07-22T08:36:22Z,11 СТАРТОВЫХ БИЛДОВ ДЛЯ ЛИГИ НА КОТОРЫХ Я БЫ ПОИГРАЛ · Path of Exile 3.29 Curse of the Allflame,Vurman PoE / Нарезки,https://www.youtube.com/watch?v=c219jf7VOaY,2026-07-22T00:45:19Z,3248,413.71,413.71,3248,2026-07-22T08:36:22Z,3248
2026-07-22T08:36:22Z,Huge SRS Buffs Are Coming For PoE 1 Curse Of The Allflame?,BalorMage,https://www.youtube.com/watch?v=SX_52aI8Pws,2026-07-21T18:19:22Z,11216,785.24,785.24,12957,2026-07-22T14:08:23Z,12957
2026-07-22T08:36:22Z,1 Divine Build vs. The Last Flame,Yangmal,https://www.youtube.com/watch?v=GMlqr7vZfEk,2026-07-22T00:44:30Z,6659,846.71,977.3,13094,2026-07-22T14:08:23Z,13094
2026-07-22T08:36:22Z,LIVESTREAM - POE 1 3.29 PATCH NOTES UPDATED - SPELL DOT BUFFS - Path of Exile -Curse of the Allflame,sirgog,https://www.youtube.com/watch?v=coTzeRSmo-Q,2026-07-22T01:11:01Z,11517,1551.61,1551.61,15988,2026-07-22T14:08:23Z,15988
2026-07-22T14:08:23Z,"Who is Tangmazu, The Raven Trickster? | Path Of Exile 2 Lore",Lore Of Exile,https://www.youtube.com/watch?v=jWEySRnlWxs,2026-07-22T05:36:06Z,4580,536.42,536.42,4580,2026-07-22T14:08:23Z,4580
2026-07-22T14:08:23Z,Luminary Leaguestarter 1-100 Guide,Oscrix,https://www.youtube.com/watch?v=eTq8Kn2GSW4,2026-07-21T20:29:03Z,10192,577.27,577.27,10192,2026-07-22T14:08:23Z,10192
2026-07-22T14:08:23Z,"POE 1 - 3.29 Teasers Day 17: DOT Buffs, 3 Keystones & More - Path of Exile Curse of the Allflame",sirgog,https://www.youtube.com/watch?v=ZTdCt0azPSo,2026-07-22T12:08:58Z,3758,626.33,626.33,3758,2026-07-22T14:08:23Z,3758
2026-07-22T14:08:23Z,[PoE 3.29] Even STRONGER Now! Holy Absolution Guardian Build - League Starter Guide - Path of Exile,ronarray,https://www.youtube.com/watch?v=k6xZ3LckqtM,2026-07-21T23:06:00Z,13525,899.28,899.28,13525,2026-07-22T14:08:23Z,13525
2026-07-22T14:08:23Z,CWS Chieftain Zero to Hero Guide | 3.29 Path of Exile: Curse of the Allflame,emiracle,https://www.youtube.com/watch?v=2fMifC2ZAao,2026-07-22T01:27:02Z,16231,1279.12,1279.12,16231,2026-07-22T14:08:23Z,16231
2026-07-22T14:08:23Z,Spellslinger x Cold DoT Elementalist League Start Build Guide [Path of Exile 3.29],jungroan,https://www.youtube.com/watch?v=a0qmdTU8PLI,2026-07-22T11:34:57Z,11632,1938.67,1938.67,11632,2026-07-22T14:08:23Z,11632
2026-07-22T14:08:23Z,Top 10 of the BEST Starters for PoE 3.29 Curse of the Allflame,ds lily,https://www.youtube.com/watch?v=lfqXQ2rdJbI,2026-07-22T05:51:16Z,25244,3046.84,3046.84,25244,2026-07-22T14:08:23Z,25244
2026-07-22T14:08:23Z,I Looted the Ocean While My Mercenary Did All the Work - CURSE OF THE ALLFLAME Early Hands On,ZiggyD Gaming,https://www.youtube.com/watch?v=BUhy78_RgF0,2026-07-22T08:38:18Z,34747,5791.17,5791.17,34747,2026-07-22T14:08:23Z,34747
